Wijk,Gem HR 1,rrData 1,Gem HR 2,rrData 2,Bloeddruk (Bovendruk) 1,Bloeddruk (Bovendruk) 2,Cholesterol 1,Cholesterol 2,Non-HDL 1,Non-HDL 2,Bloedsuiker 1,Bloedsuiker 2,BMI 1,BMI 2
Sloterdijk Nieuw-West,68.6,898,63.8,792,<120,120-140,5-6.5,<5,<3.8,<3.8,<7.8,7.8-11,25-30,18.5-25
,67.1,945,64.1,792,,,,,,,,,,
,67.1,562,65,824,,,,,,,,,,
,67.1,1906,66.700005,848,,,,,,,,,,
,67.700005,867,68.3,832,,,,,,,,,,
,67.700005,546,69.9,816,,,,,,,,,,
,67.700005,1226,70.200005,848,,,,,,,,,,
,67.700005,703,69.6,880,,,,,,,,,,
,67.700005,1664,69.200005,880,,,,,,,,,,
,67.700005,1765,69.5,856,,,,,,,,,,
,67.700005,2664,69.3,872,,,,,,,,,,
,67.700005,1804,68.6,896,,,,,,,,,,
,67.700005,2367,68.3,888,,,,,,,,,,
,67.700005,601,69.1,848,,,,,,,,,,
,67.700005,1632,70,832,,,,,,,,,,
,67.8,882,70.4,840,,,,,,,,,,
,67.8,539,70.5,848,,,,,,,,,,
,67.8,1679,71,832,,,,,,,,,,
,68.8,843,72,808,,,,,,,,,,
,68.8,4695,72.5,816,,,,,,,,,,
,68.8,4062,72.200005,840,,,,,,,,,,
,67.4,937,71.6,856,,,,,,,,,,
,67.4,570,72,824,,,,,,,,,,
,67.4,3328,72.700005,808,,,,,,,,,,
,69.1,820,72.700005,824,,,,,,,,,,
,67.9,921,72.9,816,,,,,,,,,,
,68.5,859,72.700005,832,,,,,,,,,,
,68.5,3148,73.8,784,,,,,,,,,,
,68.5,3046,74.9,776,,,,,,,,,,
,69.700005,828,75.200005,792,,,,,,,,,,
,70.3,781,74.700005,816,,,,,,,,,,
,70.3,2070,73.700005,840,,,,,,,,,,
,70.8,640,73.9,808,,,,,,,,,,
,70.8,2015,74.200005,800,,,,,,,,,,
,70.3,945,73.8,824,,,,,,,,,,
,70.3,3578,73.5,824,,,,,,,,,,
,70.3,3664,73.3,824,,,,,,,,,,
,70.3,3054,74.5,776,,,,,,,,,,
,70,578,75.3,720,,,,,,,,,,
,70,3898,76.6,704,,,,,,,,,,
,70,3210,78.200005,688,,,,,,,,,,
,70,2796,80.3,704,,,,,,,,,,
,70,3437,82.700005,680,,,,,,,,,,
,69.8,1664,84.4,680,,,,,,,,,,
,69.8,3773,84.6,704,,,,,,,,,,
,69.8,3007,84.200005,720,,,,,,,,,,
,68.4,921,83.700005,728,,,,,,,,,,
,68.3,710,83.3,728,,,,,,,,,,
,68.200005,1437,82.8,736,,,,,,,,,,
,68.1,1453,84.1,688,,,,,,,,,,
,68.1,3078,84.200005,712,,,,,,,,,,
,68.1,625,83.9,720,,,,,,,,,,
,68.1,3421,83.4,728,,,,,,,,,,
,68.1,3226,83.4,328,,,,,,,,,,
,68.1,3015,83.4,376,,,,,,,,,,
,67,929,84.5,688,,,,,,,,,,
,67,2414,84.4,712,,,,,,,,,,
,,,84.1,720,,,,,,,,,,
,,,84.1,296,,,,,,,,,,
,,,84.1,376,,,,,,,,,,
,,,82.3,768,,,,,,,,,,
,,,83.200005,704,,,,,,,,,,
,,,83.200005,720,,,,,,,,,,
,,,82.4,744,,,,,,,,,,
,,,81.9,744,,,,,,,,,,
,,,81,760,,,,,,,,,,
,,,82.6,696,,,,,,,,,,
,,,82,744,,,,,,,,,,
,,,82.4,720,,,,,,,,,,
,,,82.4,728,,,,,,,,,,
,,,81.9,744,,,,,,,,,,
,,,81.8,736,,,,,,,,,,
,,,82.8,704,,,,,,,,,,
,,,82.4,736,,,,,,,,,,
,,,82.4,728,,,,,,,,,,
,,,82.700005,720,,,,,,,,,,
,,,81.3,768,,,,,,,,,,
,,,81.3,496,,,,,,,,,,
,,,81.3,280,,,,,,,,,,
,,,83.1,688,,,,,,,,,,
,,,82.9,728,,,,,,,,,,
,,,,,,,,,,,,,,
,,,,,,,,,,,,,,
,,,,,,,,,,,,,,
,,,,,,,,,,,,,,
,,,,,,,,,,,,,,
,,,,,,,,,,,,,,
,,,,,,,,,,,,,,
,,,,,,,,,,,,,,
,,,,,,,,,,,,,,
,,,,,,,,,,,,,,
,,,,,,,,,,,,,,
,,,,,,,,,,,,,,
,,,,,,,,,,,,,,
,,,,,,,,,,,,,,
,,,,,,,,,,,,,,
,,,,,,,,,,,,,,
,,,,,,,,,,,,,,
,,,,,,,,,,,,,,
,,,,,,,,,,,,,,
,,,,,,,,,,,,,,
,,,,,,,,,,,,,,
,,,,,,,,,,,,,,
,,,,,,,,,,,,,,
,,,,,,,,,,,,,,
,,,,,,,,,,,,,,
,,,,,,,,,,,,,,
,,,,,,,,,,,,,,
,,,,,,,,,,,,,,
,,,,,,,,,,,,,,
,,,,,,,,,,,,,,
,,,,,,,,,,,,,,
,,,,,,,,,,,,,,
,,,,,,,,,,,,,,
,,,,,,,,,,,,,,
,,,,,,,,,,,,,,
,,,,,,,,,,,,,,
,,,,,,,,,,,,,,
,,,,,,,,,,,,,,
,,,,,,,,,,,,,,
,,,,,,,,,,,,,,
,,,,,,,,,,,,,,
,,,,,,,,,,,,,,
,,,,,,,,,,,,,,
,,,,,,,,,,,,,,
,,,,,,,,,,,,,,
,,,,,,,,,,,,,,
,,,,,,,,,,,,,,
,,,,,,,,,,,,,,
,,,,,,,,,,,,,,
,,,,,,,,,,,,,,
,,,,,,,,,,,,,,
,,,,,,,,,,,,,,
,,,,,,,,,,,,,,
,,,,,,,,,,,,,,
,,,,,,,,,,,,,,
,,,,,,,,,,,,,,
,,,,,,,,,,,,,,
,,,,,,,,,,,,,,
,,,,,,,,,,,,,,
,,,,,,,,,,,,,,
,,,,,,,,,,,,,,
,,,,,,,,,,,,,,
,,,,,,,,,,,,,,
,,,,,,,,,,,,,,
,,,,,,,,,,,,,,
,,,,,,,,,,,,,,
,,,,,,,,,,,,,,
,,,,,,,,,,,,,,
,,,,,,,,,,,,,,
,,,,,,,,,,,,,,
,,,,,,,,,,,,,,
,,,,,,,,,,,,,,
,,,,,,,,,,,,,,
,,,,,,,,,,,,,,
,,,,,,,,,,,,,,
,,,,,,,,,,,,,,
,,,,,,,,,,,,,,
,,,,,,,,,,,,,,
,,,,,,,,,,,,,,
,,,,,,,,,,,,,,
,,,,,,,,,,,,,,
,,,,,,,,,,,,,,
,,,,,,,,,,,,,,
,,,,,,,,,,,,,,
,,,,,,,,,,,,,,
,,,,,,,,,,,,,,
,,,,,,,,,,,,,,
,,,,,,,,,,,,,,
,,,,,,,,,,,,,,
,,,,,,,,,,,,,,
,,,,,,,,,,,,,,
,,,,,,,,,,,,,,
,,,,,,,,,,,,,,
,,,,,,,,,,,,,,
,,,,,,,,,,,,,,
,,,,,,,,,,,,,,
,,,,,,,,,,,,,,
,,,,,,,,,,,,,,
,,,,,,,,,,,,,,
,,,,,,,,,,,,,,
,,,,,,,,,,,,,,
,,,,,,,,,,,,,,
,,,,,,,,,,,,,,
,,,,,,,,,,,,,,
,,,,,,,,,,,,,,
,,,,,,,,,,,,,,
,,,,,,,,,,,,,,
,,,,,,,,,,,,,,
,,,,,,,,,,,,,,
,,,,,,,,,,,,,,
,,,,,,,,,,,,,,
,,,,,,,,,,,,,,
,,,,,,,,,,,,,,
,,,,,,,,,,,,,,
,,,,,,,,,,,,,,
,,,,,,,,,,,,,,
,,,,,,,,,,,,,,
,,,,,,,,,,,,,,
,,,,,,,,,,,,,,
,,,,,,,,,,,,,,
,,,,,,,,,,,,,,
,,,,,,,,,,,,,,
,,,,,,,,,,,,,,
,,,,,,,,,,,,,,
,,,,,,,,,,,,,,
,,,,,,,,,,,,,,
,,,,,,,,,,,,,,
,,,,,,,,,,,,,,
,,,,,,,,,,,,,,
,,,,,,,,,,,,,,
,,,,,,,,,,,,,,
"Geuzenveld, Slotermeer",83.1,1608,86.8,688,<120,<120,<5,5-6.5,>3.8,>3.8,<7.8,<7.8,18.5-25,25-30
,83.1,3512,87.200005,680,,,,,,,,,,
,83.4,936,87.5,680,,,,,,,,,,
,83.6,904,87.1,696,,,,,,,,,,
,83.6,2656,86.8,696,,,,,,,,,,
,83.6,2576,86.9,688,,,,,,,,,,
,83.6,4176,87.3,680,,,,,,,,,,
,83.8,872,86.700005,704,,,,,,,,,,
,83.9,840,86.5,696,,,,,,,,,,
,84,832,86.4,696,,,,,,,,,,
,84,896,86.3,696,,,,,,,,,,
,84,1696,86.3,696,,,,,,,,,,
,84,872,86,704,,,,,,,,,,
,84,872,85.5,712,,,,,,,,,,
,84,3400,85.1,712,,,,,,,,,,
,84,1664,85.1,704,,,,,,,,,,
,84,1736,84.9,712,,,,,,,,,,
,84,840,84.700005,712,,,,,,,,,,
,84,904,84.3,720,,,,,,,,,,
,84,2504,84.3,712,,,,,,,,,,
,84,880,84.3,712,,,,,,,,,,
,,,83.5,736,,,,,,,,,,
,,,82.9,736,,,,,,,,,,
,,,82.200005,744,,,,,,,,,,
,,,82.8,712,,,,,,,,,,
,,,82.700005,728,,,,,,,,,,
,,,82.3,736,,,,,,,,,,
,,,82.1,736,,,,,,,,,,
,,,81.9,736,,,,,,,,,,
,,,81.8,736,,,,,,,,,,
,,,82,728,,,,,,,,,,
,,,81.6,744,,,,,,,,,,
,,,81.3,744,,,,,,,,,,
,,,81.4,736,,,,,,,,,,
,,,81.4,736,,,,,,,,,,
,,,81.4,736,,,,,,,,,,
,,,81.200005,744,,,,,,,,,,
,,,80.5,760,,,,,,,,,,
,,,80.5,744,,,,,,,,,,
,,,81.1,728,,,,,,,,,,
,,,80.9,744,,,,,,,,,,
,,,81.1,736,,,,,,,,,,
,,,80.9,744,,,,,,,,,,
,,,81.4,728,,,,,,,,,,
,,,81.4,736,,,,,,,,,,
,,,80.9,752,,,,,,,,,,
,,,80.6,752,,,,,,,,,,
,,,80.1,760,,,,,,,,,,
,,,80.5,736,,,,,,,,,,
,,,80.5,744,,,,,,,,,,
,,,80.3,752,,,,,,,,,,
,,,80.1,752,,,,,,,,,,
,,,80,752,,,,,,,,,,
,,,79.9,752,,,,,,,,,,
,,,80.1,744,,,,,,,,,,
,,,79.700005,760,,,,,,,,,,
,,,79.5,760,,,,,,,,,,
,,,79.1,768,,,,,,,,,,
,,,79,760,,,,,,,,,,
,,,78.700005,768,,,,,,,,,,
,,,78.5,768,,,,,,,,,,
,,,77.9,784,,,,,,,,,,
,,,78,768,,,,,,,,,,
,,,78.3,760,,,,,,,,,,
,,,78,776,,,,,,,,,,
,,,77.8,776,,,,,,,,,,
,,,77.9,768,,,,,,,,,,
,,,78,768,,,,,,,,,,
,,,78,768,,,,,,,,,,
,,,78,768,,,,,,,,,,
,,,77.8,776,,,,,,,,,,
,,,77.9,768,,,,,,,,,,
,,,78,768,,,,,,,,,,
,,,78,768,,,,,,,,,,
,,,77.5,784,,,,,,,,,,
,,,77.4,776,,,,,,,,,,
,,,77.4,776,,,,,,,,,,
,,,77.6,768,,,,,,,,,,
,,,77.5,776,,,,,,,,,,
,,,77.200005,784,,,,,,,,,,
,,,77.200005,776,,,,,,,,,,
,,,,,,,,,,,,,,
,,,,,,,,,,,,,,
,,,,,,,,,,,,,,
,,,,,,,,,,,,,,
,,,,,,,,,,,,,,
,,,,,,,,,,,,,,
,,,,,,,,,,,,,,
,,,,,,,,,,,,,,
,,,,,,,,,,,,,,
,,,,,,,,,,,,,,
,,,,,,,,,,,,,,
,,,,,,,,,,,,,,
,,,,,,,,,,,,,,
,,,,,,,,,,,,,,
,,,,,,,,,,,,,,
,,,,,,,,,,,,,,
,,,,,,,,,,,,,,
,,,,,,,,,,,,,,
,,,,,,,,,,,,,,
,,,,,,,,,,,,,,
,,,,,,,,,,,,,,
,,,,,,,,,,,,,,
,,,,,,,,,,,,,,
,,,,,,,,,,,,,,
,,,,,,,,,,,,,,
,,,,,,,,,,,,,,
,,,,,,,,,,,,,,
,,,,,,,,,,,,,,
,,,,,,,,,,,,,,
,,,,,,,,,,,,,,
,,,,,,,,,,,,,,
,,,,,,,,,,,,,,
,,,,,,,,,,,,,,
,,,,,,,,,,,,,,
,,,,,,,,,,,,,,
,,,,,,,,,,,,,,
,,,,,,,,,,,,,,
,,,,,,,,,,,,,,
,,,,,,,,,,,,,,
,,,,,,,,,,,,,,
,,,,,,,,,,,,,,
,,,,,,,,,,,,,,
,,,,,,,,,,,,,,
,,,,,,,,,,,,,,
,,,,,,,,,,,,,,
,,,,,,,,,,,,,,
,,,,,,,,,,,,,,
,,,,,,,,,,,,,,
,,,,,,,,,,,,,,
,,,,,,,,,,,,,,
,,,,,,,,,,,,,,
,,,,,,,,,,,,,,
,,,,,,,,,,,,,,
,,,,,,,,,,,,,,
,,,,,,,,,,,,,,
,,,,,,,,,,,,,,
,,,,,,,,,,,,,,
,,,,,,,,,,,,,,
,,,,,,,,,,,,,,
,,,,,,,,,,,,,,
,,,,,,,,,,,,,,
,,,,,,,,,,,,,,
,,,,,,,,,,,,,,
,,,,,,,,,,,,,,
,,,,,,,,,,,,,,
,,,,,,,,,,,,,,
,,,,,,,,,,,,,,
,,,,,,,,,,,,,,
,,,,,,,,,,,,,,
,,,,,,,,,,,,,,
,,,,,,,,,,,,,,
,,,,,,,,,,,,,,
,,,,,,,,,,,,,,
,,,,,,,,,,,,,,
,,,,,,,,,,,,,,
,,,,,,,,,,,,,,
,,,,,,,,,,,,,,
,,,,,,,,,,,,,,
,,,,,,,,,,,,,,
,,,,,,,,,,,,,,
,,,,,,,,,,,,,,
,,,,,,,,,,,,,,
,,,,,,,,,,,,,,
,,,,,,,,,,,,,,
,,,,,,,,,,,,,,
,,,,,,,,,,,,,,
,,,,,,,,,,,,,,
,,,,,,,,,,,,,,
,,,,,,,,,,,,,,
,,,,,,,,,,,,,,
,,,,,,,,,,,,,,
,,,,,,,,,,,,,,
,,,,,,,,,,,,,,
,,,,,,,,,,,,,,
,,,,,,,,,,,,,,
,,,,,,,,,,,,,,
,,,,,,,,,,,,,,
,,,,,,,,,,,,,,
,,,,,,,,,,,,,,
,,,,,,,,,,,,,,
,,,,,,,,,,,,,,
,,,,,,,,,,,,,,
,,,,,,,,,,,,,,
,,,,,,,,,,,,,,
,,,,,,,,,,,,,,
,,,,,,,,,,,,,,
,,,,,,,,,,,,,,
,,,,,,,,,,,,,,
,,,,,,,,,,,,,,
,,,,,,,,,,,,,,
,,,,,,,,,,,,,,
,,,,,,,,,,,,,,
,,,,,,,,,,,,,,
,,,,,,,,,,,,,,
,,,,,,,,,,,,,,
,,,,,,,,,,,,,,
,,,,,,,,,,,,,,
,,,,,,,,,,,,,,
,,,,,,,,,,,,,,
,,,,,,,,,,,,,,
,,,,,,,,,,,,,,
,,,,,,,,,,,,,,
,,,,,,,,,,,,,,
,,,,,,,,,,,,,,
,,,,,,,,,,,,,,
,,,,,,,,,,,,,,
,,,,,,,,,,,,,,
,,,,,,,,,,,,,,
,,,,,,,,,,,,,,
,,,,,,,,,,,,,,
,,,,,,,,,,,,,,
Osdorp,80.4,760,72.6,792,<120,<120,<5,<5,<3.8,<3.8,<7.8,<7.8,18.5-25,25-30
,80.200005,752,72.6,1592,,,,,,,,,,
,79.8,760,73.6,792,,,,,,,,,,
,79,776,74,800,,,,,,,,,,
,78,792,74.3,800,,,,,,,,,,
,77.3,792,75,784,,,,,,,,,,
,77.1,784,75,1504,,,,,,,,,,
,77.9,752,75.9,768,,,,,,,,,,
,79,736,76.6,768,,,,,,,,,,
,79.5,744,76.4,792,,,,,,,,,,
,79.1,768,77.4,752,,,,,,,,,,
,77.700005,808,78.1,704,,,,,,,,,,
,77.8,768,78.6,912,,,,,,,,,,
,77.9,768,76.9,824,,,,,,,,,,
,78,768,75.5,832,,,,,,,,,,
,77.5,784,75.3,800,,,,,,,,,,
,77.700005,768,74.8,816,,,,,,,,,,
,78.3,752,75.6,776,,,,,,,,,,
,78.5,760,75.200005,808,,,,,,,,,,
,78.4,768,76.6,752,,,,,,,,,,
,77.8,784,78.6,720,,,,,,,,,,
,78.4,752,77.3,808,,,,,,,,,,
,79.6,728,76.6,800,,,,,,,,,,
,80.4,728,76.1,800,,,,,,,,,,
,79.9,760,75.8,800,,,,,,,,,,
,78.4,800,74.9,824,,,,,,,,,,
,77.200005,808,76.4,752,,,,,,,,,,
,76.8,792,77.9,736,,,,,,,,,,
,77.200005,768,75.9,840,,,,,,,,,,
,77.200005,776,76.8,760,,,,,,,,,,
,77.700005,760,77.4,760,,,,,,,,,,
,76.9,800,77.4,776,,,,,,,,,,
,76.9,1480,77.4,776,,,,,,,,,,
,77.700005,704,77.4,1560,,,,,,,,,,
,80,704,75.8,832,,,,,,,,,,
,81.3,712,75.3,808,,,,,,,,,,
,80.1,776,76.4,760,,,,,,,,,,
,80.3,856,76.4,1640,,,,,,,,,,
,79.5,848,76,800,,,,,,,,,,
,78.1,872,76,1568,,,,,,,,,,
,75.700005,856,76.4,776,,,,,,,,,,
,73.1,896,77.200005,760,,,,,,,,,,
,71.3,896,77.700005,760,,,,,,,,,,
,70.200005,888,77.6,776,,,,,,,,,,
,71,824,76.200005,824,,,,,,,,,,
,72.4,792,75,832,,,,,,,,,,
,73.4,792,75.200005,792,,,,,,,,,,
,74.6,776,75.1,800,,,,,,,,,,
,74.700005,800,74.9,808,,,,,,,,,,
,74.6,808,74.1,832,,,,,,,,,,
,75.700005,768,73.9,816,,,,,,,,,,
,76.9,752,74.700005,784,,,,,,,,,,
,77,776,74.700005,696,,,,,,,,,,
,76.8,784,75.6,712,,,,,,,,,,
,76,808,75.4,880,,,,,,,,,,
,75.200005,816,75.200005,1640,,,,,,,,,,
,75.200005,1512,75.200005,2464,,,,,,,,,,
,75.9,728,74.1,840,,,,,,,,,,
,78.1,720,74.4,800,,,,,,,,,,
,79.700005,720,74.8,792,,,,,,,,,,
,79.200005,768,74.8,1608,,,,,,,,,,
,79.4,1552,75.1,792,,,,,,,,,,
,79.8,744,76,768,,,,,,,,,,
,78.6,792,75.200005,816,,,,,,,,,,
,77.3,808,,,,,,,,,,,,
,75.3,848,,,,,,,,,,,,
,73.9,848,,,,,,,,,,,,
,73.6,824,,,,,,,,,,,,
,73.8,808,,,,,,,,,,,,
,,,,,,,,,,,,,,
,,,,,,,,,,,,,,
,,,,,,,,,,,,,,
,,,,,,,,,,,,,,
,,,,,,,,,,,,,,
,,,,,,,,,,,,,,
,,,,,,,,,,,,,,
,,,,,,,,,,,,,,
,,,,,,,,,,,,,,
,,,,,,,,,,,,,,
,,,,,,,,,,,,,,
,,,,,,,,,,,,,,
,,,,,,,,,,,,,,
,,,,,,,,,,,,,,
,,,,,,,,,,,,,,
,,,,,,,,,,,,,,
,,,,,,,,,,,,,,
,,,,,,,,,,,,,,
,,,,,,,,,,,,,,
,,,,,,,,,,,,,,
,,,,,,,,,,,,,,
,,,,,,,,,,,,,,
,,,,,,,,,,,,,,
,,,,,,,,,,,,,,
,,,,,,,,,,,,,,
,,,,,,,,,,,,,,
,,,,,,,,,,,,,,
,,,,,,,,,,,,,,
,,,,,,,,,,,,,,
,,,,,,,,,,,,,,
,,,,,,,,,,,,,,
,,,,,,,,,,,,,,
,,,,,,,,,,,,,,
,,,,,,,,,,,,,,
,,,,,,,,,,,,,,
,,,,,,,,,,,,,,
,,,,,,,,,,,,,,
,,,,,,,,,,,,,,
,,,,,,,,,,,,,,
,,,,,,,,,,,,,,
,,,,,,,,,,,,,,
,,,,,,,,,,,,,,
,,,,,,,,,,,,,,
,,,,,,,,,,,,,,
,,,,,,,,,,,,,,
,,,,,,,,,,,,,,
,,,,,,,,,,,,,,
,,,,,,,,,,,,,,
,,,,,,,,,,,,,,
,,,,,,,,,,,,,,
,,,,,,,,,,,,,,
,,,,,,,,,,,,,,
,,,,,,,,,,,,,,
,,,,,,,,,,,,,,
,,,,,,,,,,,,,,
,,,,,,,,,,,,,,
,,,,,,,,,,,,,,
,,,,,,,,,,,,,,
,,,,,,,,,,,,,,
,,,,,,,,,,,,,,
,,,,,,,,,,,,,,
,,,,,,,,,,,,,,
,,,,,,,,,,,,,,
,,,,,,,,,,,,,,
,,,,,,,,,,,,,,
,,,,,,,,,,,,,,
,,,,,,,,,,,,,,
,,,,,,,,,,,,,,
,,,,,,,,,,,,,,
,,,,,,,,,,,,,,
,,,,,,,,,,,,,,
,,,,,,,,,,,,,,
,,,,,,,,,,,,,,
,,,,,,,,,,,,,,
,,,,,,,,,,,,,,
,,,,,,,,,,,,,,
,,,,,,,,,,,,,,
,,,,,,,,,,,,,,
,,,,,,,,,,,,,,
,,,,,,,,,,,,,,
,,,,,,,,,,,,,,
,,,,,,,,,,,,,,
,,,,,,,,,,,,,,
,,,,,,,,,,,,,,
,,,,,,,,,,,,,,
,,,,,,,,,,,,,,
,,,,,,,,,,,,,,
,,,,,,,,,,,,,,
,,,,,,,,,,,,,,
,,,,,,,,,,,,,,
,,,,,,,,,,,,,,
,,,,,,,,,,,,,,
,,,,,,,,,,,,,,
,,,,,,,,,,,,,,
,,,,,,,,,,,,,,
,,,,,,,,,,,,,,
,,,,,,,,,,,,,,
,,,,,,,,,,,,,,
,,,,,,,,,,,,,,
,,,,,,,,,,,,,,
,,,,,,,,,,,,,,
,,,,,,,,,,,,,,
,,,,,,,,,,,,,,
,,,,,,,,,,,,,,
,,,,,,,,,,,,,,
,,,,,,,,,,,,,,
,,,,,,,,,,,,,,
,,,,,,,,,,,,,,
,,,,,,,,,,,,,,
,,,,,,,,,,,,,,
,,,,,,,,,,,,,,
,,,,,,,,,,,,,,
,,,,,,,,,,,,,,
,,,,,,,,,,,,,,
,,,,,,,,,,,,,,
,,,,,,,,,,,,,,
,,,,,,,,,,,,,,
,,,,,,,,,,,,,,
,,,,,,,,,,,,,,
,,,,,,,,,,,,,,
,,,,,,,,,,,,,,
,,,,,,,,,,,,,,
,,,,,,,,,,,,,,
,,,,,,,,,,,,,,
,,,,,,,,,,,,,,
,,,,,,,,,,,,,,
,,,,,,,,,,,,,,
,,,,,,,,,,,,,,
,,,,,,,,,,,,,,
,,,,,,,,,,,,,,
,,,,,,,,,,,,,,
,,,,,,,,,,,,,,
,,,,,,,,,,,,,,
,,,,,,,,,,,,,,
,,,,,,,,,,,,,,
,,,,,,,,,,,,,,
,,,,,,,,,,,,,,
,,,,,,,,,,,,,,
,,,,,,,,,,,,,,
,,,,,,,,,,,,,,
,,,,,,,,,,,,,,
,,,,,,,,,,,,,,
,,,,,,,,,,,,,,
,,,,,,,,,,,,,,
"De Aker, Sloten, Nieuw-Sloten",70.4,1000,74.4,792,<120,<120,<5,<5,>3.8,>3.8,>11.1,7.8-11,18.5-25,25-30
,68.6,1008,74.1,816,,,,,,,,,,
,66.8,960,74.1,1024,,,,,,,,,,
,66.5,912,74.1,584,,,,,,,,,,
,64.8,984,74.1,944,,,,,,,,,,
,64.1,960,74.1,680,,,,,,,,,,
,62.7,1008,74.1,264,,,,,,,,,,
,63,944,74.1,568,,,,,,,,,,
,63.600002,848,74.1,536,,,,,,,,,,
,65.200005,872,74.1,1096,,,,,,,,,,
,65.200005,920,73.700005,824,,,,,,,,,,
,64.700005,1040,73.6,816,,,,,,,,,,
,62.9,1024,72.5,856,,,,,,,,,,
,62.3,984,73.9,776,,,,,,,,,,
,62.8,872,73,848,,,,,,,,,,
,64.1,800,72.9,824,,,,,,,,,,
,66.3,840,73.3,808,,,,,,,,,,
,66.9,880,72.1,864,,,,,,,,,,
,66.6,992,72.1,312,,,,,,,,,,
,67.9,848,72.1,464,,,,,,,,,,
,69.6,816,72.1,2072,,,,,,,,,,
,71.200005,800,72.1,368,,,,,,,,,,
,73,776,72.1,264,,,,,,,,,,
,74.5,768,72.1,544,,,,,,,,,,
,72.6,880,72.1,1128,,,,,,,,,,
,72.200005,840,72.1,552,,,,,,,,,,
,71.4,944,72.1,336,,,,,,,,,,
,70.9,1064,71.5,856,,,,,,,,,,
,69.200005,1096,70.5,880,,,,,,,,,,
,67.200005,1072,70.6,848,,,,,,,,,,
,65.3,984,70.8,840,,,,,,,,,,
,65.5,912,71.4,824,,,,,,,,,,
,64.4,968,71.4,448,,,,,,,,,,
,62.4,1040,71.4,472,,,,,,,,,,
,60.5,1072,71.4,304,,,,,,,,,,
,60.7,984,71.4,272,,,,,,,,,,
,62.2,912,71.4,1056,,,,,,,,,,
,62,976,71.6,832,,,,,,,,,,
,60.7,1040,71.4,848,,,,,,,,,,
,61.600002,944,71.8,824,,,,,,,,,,
,63,904,71.9,832,,,,,,,,,,
,62.100002,1000,72.4,816,,,,,,,,,,
,61.3,1008,73,808,,,,,,,,,,
,60.9,1000,73.4,808,,,,,,,,,,
,62.4,912,73.4,816,,,,,,,,,,
,60.5,1072,73.700005,808,,,,,,,,,,
,60.100002,1016,74.8,776,,,,,,,,,,
,61,952,74.200005,824,,,,,,,,,,
,61.7,872,74.4,800,,,,,,,,,,
,64.200005,856,76,752,,,,,,,,,,
,62.9,1000,77.1,752,,,,,,,,,,
,63.100002,1128,78.200005,744,,,,,,,,,,
,62.4,1112,79.700005,720,,,,,,,,,,
,60.9,1048,78.700005,784,,,,,,,,,,
,61.7,944,78.8,760,,,,,,,,,,
,63.3,896,78.3,776,,,,,,,,,,
,63.5,936,77.5,792,,,,,,,,,,
,62.7,1080,75.9,832,,,,,,,,,,
,61.100002,1048,76.6,768,,,,,,,,,,
,60.600002,1008,76.1,800,,,,,,,,,,
,61.100002,880,76.9,760,,,,,,,,,,
,,,78,744,,,,,,,,,,
,,,78.5,752,,,,,,,,,,
,,,78.1,776,,,,,,,,,,
,,,78.1,768,,,,,,,,,,
,,,77.6,784,,,,,,,,,,
,,,76.200005,824,,,,,,,,,,
,,,76.8,768,,,,,,,,,,
,,,77,776,,,,,,,,,,
,,,77.3,768,,,,,,,,,,
,,,77.8,760,,,,,,,,,,
,,,77.9,768,,,,,,,,,,
,,,77.5,784,,,,,,,,,,
,,,77.4,776,,,,,,,,,,
,,,77.4,776,,,,,,,,,,
,,,76.9,792,,,,,,,,,,
,,,77,776,,,,,,,,,,
,,,77.3,768,,,,,,,,,,
,,,77.1,784,,,,,,,,,,
,,,,,,,,,,,,,,
,,,,,,,,,,,,,,
,,,,,,,,,,,,,,
,,,,,,,,,,,,,,
,,,,,,,,,,,,,,
,,,,,,,,,,,,,,
,,,,,,,,,,,,,,
,,,,,,,,,,,,,,
,,,,,,,,,,,,,,
,,,,,,,,,,,,,,
,,,,,,,,,,,,,,
,,,,,,,,,,,,,,
,,,,,,,,,,,,,,
,,,,,,,,,,,,,,
,,,,,,,,,,,,,,
,,,,,,,,,,,,,,
,,,,,,,,,,,,,,
,,,,,,,,,,,,,,
,,,,,,,,,,,,,,
,,,,,,,,,,,,,,
,,,,,,,,,,,,,,
,,,,,,,,,,,,,,
,,,,,,,,,,,,,,
,,,,,,,,,,,,,,
,,,,,,,,,,,,,,
,,,,,,,,,,,,,,
,,,,,,,,,,,,,,
,,,,,,,,,,,,,,
,,,,,,,,,,,,,,
,,,,,,,,,,,,,,
,,,,,,,,,,,,,,
,,,,,,,,,,,,,,
,,,,,,,,,,,,,,
,,,,,,,,,,,,,,
,,,,,,,,,,,,,,
,,,,,,,,,,,,,,
,,,,,,,,,,,,,,
,,,,,,,,,,,,,,
,,,,,,,,,,,,,,
,,,,,,,,,,,,,,
,,,,,,,,,,,,,,
,,,,,,,,,,,,,,
,,,,,,,,,,,,,,
,,,,,,,,,,,,,,
,,,,,,,,,,,,,,
,,,,,,,,,,,,,,
,,,,,,,,,,,,,,
,,,,,,,,,,,,,,
,,,,,,,,,,,,,,
,,,,,,,,,,,,,,
,,,,,,,,,,,,,,
,,,,,,,,,,,,,,
,,,,,,,,,,,,,,
,,,,,,,,,,,,,,
,,,,,,,,,,,,,,
,,,,,,,,,,,,,,
,,,,,,,,,,,,,,
,,,,,,,,,,,,,,
,,,,,,,,,,,,,,
,,,,,,,,,,,,,,
,,,,,,,,,,,,,,
,,,,,,,,,,,,,,
,,,,,,,,,,,,,,
,,,,,,,,,,,,,,
,,,,,,,,,,,,,,
,,,,,,,,,,,,,,
,,,,,,,,,,,,,,
,,,,,,,,,,,,,,
,,,,,,,,,,,,,,
,,,,,,,,,,,,,,
,,,,,,,,,,,,,,
,,,,,,,,,,,,,,
,,,,,,,,,,,,,,
,,,,,,,,,,,,,,
,,,,,,,,,,,,,,
,,,,,,,,,,,,,,
,,,,,,,,,,,,,,
,,,,,,,,,,,,,,
,,,,,,,,,,,,,,
,,,,,,,,,,,,,,
,,,,,,,,,,,,,,
,,,,,,,,,,,,,,
,,,,,,,,,,,,,,
,,,,,,,,,,,,,,
,,,,,,,,,,,,,,
,,,,,,,,,,,,,,
,,,,,,,,,,,,,,
,,,,,,,,,,,,,,
,,,,,,,,,,,,,,
,,,,,,,,,,,,,,
,,,,,,,,,,,,,,
,,,,,,,,,,,,,,
,,,,,,,,,,,,,,
,,,,,,,,,,,,,,
,,,,,,,,,,,,,,
,,,,,,,,,,,,,,
,,,,,,,,,,,,,,
,,,,,,,,,,,,,,
,,,,,,,,,,,,,,
,,,,,,,,,,,,,,
,,,,,,,,,,,,,,
,,,,,,,,,,,,,,
,,,,,,,,,,,,,,
,,,,,,,,,,,,,,
,,,,,,,,,,,,,,
,,,,,,,,,,,,,,
,,,,,,,,,,,,,,
,,,,,,,,,,,,,,
,,,,,,,,,,,,,,
,,,,,,,,,,,,,,
,,,,,,,,,,,,,,
,,,,,,,,,,,,,,
,,,,,,,,,,,,,,
,,,,,,,,,,,,,,
,,,,,,,,,,,,,,
,,,,,,,,,,,,,,
,,,,,,,,,,,,,,
,,,,,,,,,,,,,,
,,,,,,,,,,,,,,
,,,,,,,,,,,,,,
,,,,,,,,,,,,,,
,,,,,,,,,,,,,,
,,,,,,,,,,,,,,
,,,,,,,,,,,,,,
,,,,,,,,,,,,,,
,,,,,,,,,,,,,,
,,,,,,,,,,,,,,
,,,,,,,,,,,,,,
,,,,,,,,,,,,,,
,,,,,,,,,,,,,,
,,,,,,,,,,,,,,
,,,,,,,,,,,,,,
,,,,,,,,,,,,,,
,,,,,,,,,,,,,,
,,,,,,,,,,,,,,
Slotervaart,82.8,696,70.700005,736,<120,120-140,<5,5-6.5,<3.8,>3.8,<7.8,>11.1,18.5-25,18.5-25
,84.8,672,72,800,,,,,,,,,,
,83.3,752,73.1,792,,,,,,,,,,
,82.700005,792,75.1,752,,,,,,,,,,
,83.8,696,75.1,800,,,,,,,,,,
,83.6,720,74.6,816,,,,,,,,,,
,83,736,73.8,832,,,,,,,,,,
,82,752,72.1,880,,,,,,,,,,
,82.700005,712,71.1,872,,,,,,,,,,
,81.8,752,70.6,864,,,,,,,,,,
,80.700005,768,69.700005,888,,,,,,,,,,
,80,824,70.200005,840,,,,,,,,,,
,79.700005,760,72.1,784,,,,,,,,,,
,81.4,704,72.5,816,,,,,,,,,,
,81.9,672,71.8,856,,,,,,,,,,
,82.1,728,71.700005,840,,,,,,,,,,
,82.200005,728,71.8,832,,,,,,,,,,
,80.700005,776,71.700005,840,,,,,,,,,,
,79.9,840,70.6,880,,,,,,,,,,
,80.4,736,70.1,872,,,,,,,,,,
,78.8,800,71.8,792,,,,,,,,,,
,77.700005,864,72.1,824,,,,,,,,,,
,76.3,880,71.9,840,,,,,,,,,,
,74.6,848,71.700005,840,,,,,,,,,,
,75.4,776,71.8,832,,,,,,,,,,
,75.6,736,71.1,864,,,,,,,,,,
,76.9,752,71,848,,,,,,,,,,
,78,744,70.9,848,,,,,,,,,,
,76.9,808,72.6,784,,,,,,,,,,
,77,896,73.6,792,,,,,,,,,,
,76.6,792,72.9,840,,,,,,,,,,
,76.1,800,71.700005,872,,,,,,,,,,
,75.3,816,72.200005,816,,,,,,,,,,
,75,808,71.6,856,,,,,,,,,,
,74.5,816,71.1,856,,,,,,,,,,
,76.3,744,70.6,864,,,,,,,,,,
,76.8,768,71.5,816,,,,,,,,,,
,77.4,760,72.6,800,,,,,,,,,,
,77.4,904,72.1,848,,,,,,,,,,
,77.4,776,71.1,872,,,,,,,,,,
,76.6,872,71.200005,840,,,,,,,,,,
,75.4,896,70.5,872,,,,,,,,,,
,73.1,888,70,872,,,,,,,,,,
,73,824,69.6,872,,,,,,,,,,
,72.5,736,71,808,,,,,,,,,,
,73.3,720,71.8,816,,,,,,,,,,
,74.5,728,72.1,824,,,,,,,,,,
,75.3,776,71.700005,848,,,,,,,,,,
,75.200005,800,72.700005,800,,,,,,,,,,
,76.3,760,73.8,784,,,,,,,,,,
,75.700005,808,73.700005,816,,,,,,,,,,
,74.4,840,72.6,856,,,,,,,,,,
,73.1,856,72.1,848,,,,,,,,,,
,73.9,792,72.5,816,,,,,,,,,,
,74.700005,784,71.6,864,,,,,,,,,,
,75.4,728,70.8,872,,,,,,,,,,
,76,776,70.4,864,,,,,,,,,,
,74.4,848,71.6,808,,,,,,,,,,
,74,880,71.5,840,,,,,,,,,,
,74.3,800,71.1,856,,,,,,,,,,
,74.5,800,70.200005,880,,,,,,,,,,
,76.1,752,70.200005,856,,,,,,,,,,
,76.200005,784,70.8,832,,,,,,,,,,
,77.3,752,70.200005,872,,,,,,,,,,
,78,704,70,864,,,,,,,,,,
,79.9,712,70.6,832,,,,,,,,,,
,80.1,744,72.4,784,,,,,,,,,,
,80.3,912,73,808,,,,,,,,,,
,79.200005,896,71.9,864,,,,,,,,,,
,77.6,888,70.4,896,,,,,,,,,,
,75.1,864,70.1,864,,,,,,,,,,
,74.4,824,69,904,,,,,,,,,,
,74.700005,736,67.9,920,,,,,,,,,,
,75.9,696,67.4,904,,,,,,,,,,
,77.6,736,68.8,832,,,,,,,,,,
,77.4,840,70.200005,816,,,,,,,,,,
,76.200005,920,71.4,808,,,,,,,,,,
,74.8,904,71.6,832,,,,,,,,,,
,74.200005,824,72.4,808,,,,,,,,,,
,74.9,784,72.3,832,,,,,,,,,,
,72.9,880,71.200005,872,,,,,,,,,,
,71.8,936,69.8,904,,,,,,,,,,
,70,912,69.9,856,,,,,,,,,,
,69.1,896,70,856,,,,,,,,,,
,68.1,912,69.5,880,,,,,,,,,,
,66.700005,944,69.1,880,,,,,,,,,,
,65.1,976,70.4,816,,,,,,,,,,
,66.200005,872,71.8,800,,,,,,,,,,
,68,832,72.6,808,,,,,,,,,,
,67,928,72.4,832,,,,,,,,,,
,65.6,960,72.5,824,,,,,,,,,,
,65.3,928,73.700005,784,,,,,,,,,,
,67.1,840,73.6,816,,,,,,,,,,
,68.8,824,72.9,840,,,,,,,,,,
,68.6,880,71.700005,872,,,,,,,,,,
,67.9,984,72.700005,800,,,,,,,,,,
,66.1,968,73.8,784,,,,,,,,,,
,66.200005,904,74.4,792,,,,,,,,,,
,67.200005,864,74.8,792,,,,,,,,,,
,68.700005,832,74.200005,824,,,,,,,,,,
,69.5,840,75.1,776,,,,,,,,,,
,71.200005,800,74.9,808,,,,,,,,,,
,71.700005,824,74.5,816,,,,,,,,,,
,71.8,832,73.8,832,,,,,,,,,,
,72.5,752,73.700005,816,,,,,,,,,,
,73.700005,728,75.3,760,,,,,,,,,,
,76.3,728,75.5,792,,,,,,,,,,
,77.4,752,75.3,800,,,,,,,,,,
,76.9,792,74.3,832,,,,,,,,,,
,75.700005,824,74.3,808,,,,,,,,,,
,74.6,832,74.8,792,,,,,,,,,,
,74.1,824,74,832,,,,,,,,,,
,73.9,816,72.8,856,,,,,,,,,,
,73.1,840,71.200005,888,,,,,,,,,,
,74.1,784,71.5,832,,,,,,,,,,
,75.1,776,71.3,848,,,,,,,,,,
,73.4,864,72.9,784,,,,,,,,,,
,72.700005,920,72.9,712,,,,,,,,,,
,71.5,952,73.8,728,,,,,,,,,,
,70.3,888,74.4,792,,,,,,,,,,
,70.5,848,75,784,,,,,,,,,,
,70.200005,864,74.1,832,,,,,,,,,,
,70.4,848,73.1,848,,,,,,,,,,
,70.9,832,72.4,848,,,,,,,,,,
,72.1,800,72.5,824,,,,,,,,,,
,71.4,928,72,848,,,,,,,,,,
,69.200005,936,71.8,840,,,,,,,,,,
,68.9,880,72.1,824,,,,,,,,,,
,67.6,928,73.4,784,,,,,,,,,,
,66.700005,928,73.4,816,,,,,,,,,,
,66.6,904,72.8,840,,,,,,,,,,
,67.3,872,71.8,864,,,,,,,,,,
,67.200005,768,71.9,832,,,,,,,,,,
,68.4,744,72,832,,,,,,,,,,
,69.9,760,71.4,856,,,,,,,,,,
,71.700005,792,70.8,864,,,,,,,,,,
,71.200005,856,72.5,784,,,,,,,,,,
,70.9,856,72.5,688,,,,,,,,,,
,70.9,848,73.4,728,,,,,,,,,,
,69.700005,896,76.1,728,,,,,,,,,,
,68.700005,904,77.5,744,,,,,,,,,,
,67.6,920,76.3,816,,,,,,,,,,
,67.200005,904,,,,,,,,,,,,
,68,792,,,,,,,,,,,,
,69.200005,776,,,,,,,,,,,,
,70.9,744,,,,,,,,,,,,
,,,,,,,,,,,,,,
,,,,,,,,,,,,,,
,,,,,,,,,,,,,,
,,,,,,,,,,,,,,
,,,,,,,,,,,,,,
,,,,,,,,,,,,,,
,,,,,,,,,,,,,,
,,,,,,,,,,,,,,
,,,,,,,,,,,,,,
,,,,,,,,,,,,,,
,,,,,,,,,,,,,,
,,,,,,,,,,,,,,
,,,,,,,,,,,,,,
,,,,,,,,,,,,,,
,,,,,,,,,,,,,,
,,,,,,,,,,,,,,
,,,,,,,,,,,,,,
,,,,,,,,,,,,,,
,,,,,,,,,,,,,,
,,,,,,,,,,,,,,
,,,,,,,,,,,,,,
,,,,,,,,,,,,,,
,,,,,,,,,,,,,,
,,,,,,,,,,,,,,
,,,,,,,,,,,,,,
,,,,,,,,,,,,,,
,,,,,,,,,,,,,,
,,,,,,,,,,,,,,
,,,,,,,,,,,,,,
,,,,,,,,,,,,,,
,,,,,,,,,,,,,,
,,,,,,,,,,,,,,
,,,,,,,,,,,,,,
,,,,,,,,,,,,,,
,,,,,,,,,,,,,,
,,,,,,,,,,,,,,
,,,,,,,,,,,,,,
,,,,,,,,,,,,,,
,,,,,,,,,,,,,,
,,,,,,,,,,,,,,
,,,,,,,,,,,,,,
,,,,,,,,,,,,,,
,,,,,,,,,,,,,,
,,,,,,,,,,,,,,
,,,,,,,,,,,,,,
,,,,,,,,,,,,,,
,,,,,,,,,,,,,,
,,,,,,,,,,,,,,
,,,,,,,,,,,,,,
,,,,,,,,,,,,,,
,,,,,,,,,,,,,,
,,,,,,,,,,,,,,
,,,,,,,,,,,,,,
,,,,,,,,,,,,,,
,,,,,,,,,,,,,,
,,,,,,,,,,,,,,
,,,,,,,,,,,,,,
,,,,,,,,,,,,,,
,,,,,,,,,,,,,,
,,,,,,,,,,,,,,
,,,,,,,,,,,,,,
,,,,,,,,,,,,,,
,,,,,,,,,,,,,,
,,,,,,,,,,,,,,
,,,,,,,,,,,,,,
,,,,,,,,,,,,,,
,,,,,,,,,,,,,,
,,,,,,,,,,,,,,
Westerpark,72,1008,56.3,864,<120,<120,>8,5-6.5,<3.8,>3.8,<7.8,7.8-11,25-30,18.5-25
,72,1016,56,848,,,,,,,,,,
,72,1024,55.8,792,,,,,,,,,,
,72,1016,55.600002,832,,,,,,,,,,
,72,1040,55.5,840,,,,,,,,,,
,71.1,968,55.4,824,,,,,,,,,,
,69.5,1032,55.4,792,,,,,,,,,,
,67.6,1048,55.4,760,,,,,,,,,,
,65.200005,1008,55.4,720,,,,,,,,,,
,62.600002,1064,55.4,704,,,,,,,,,,
,60.5,1080,55.4,728,,,,,,,,,,
,60.3,1000,55.4,840,,,,,,,,,,
,61.100002,952,55.4,880,,,,,,,,,,
,61.5,960,55.4,824,,,,,,,,,,
,62.600002,920,55.4,792,,,,,,,,,,
,63.600002,912,55.4,840,,,,,,,,,,
,63.600002,944,55.4,848,,,,,,,,,,
,63.9,928,56.8,840,,,,,,,,,,
,64.3,920,59.100002,800,,,,,,,,,,
,62.9,1008,61.600002,808,,,,,,,,,,
,62.8,960,65.200005,816,,,,,,,,,,
,62.3,984,67.9,808,,,,,,,,,,
,61.3,1016,69.200005,832,,,,,,,,,,
,61.5,968,70.1,832,,,,,,,,,,
,62,952,71.1,816,,,,,,,,,,
,61.100002,1016,73.4,760,,,,,,,,,,
,62,936,75.3,752,,,,,,,,,,
,63,920,75.9,776,,,,,,,,,,
,62.5,976,76.8,760,,,,,,,,,,
,61.9,992,78.200005,736,,,,,,,,,,
,61.3,1000,78.9,744,,,,,,,,,,
,59.8,1064,80.5,712,,,,,,,,,,
,58.5,1080,81.6,712,,,,,,,,,,
,58,1056,81.700005,856,,,,,,,,,,
,56.600002,1128,80.4,888,,,,,,,,,,
,56.7,1056,78.8,864,,,,,,,,,,
,57,1040,76,864,,,,,,,,,,
,55.9,1128,75.9,792,,,,,,,,,,
,56.2,1056,76.3,776,,,,,,,,,,
,56.100002,1072,75.9,800,,,,,,,,,,
,55.5,1112,74.4,848,,,,,,,,,,
,56,1048,73.3,848,,,,,,,,,,
,55.5,1104,73.8,800,,,,,,,,,,
,54.600002,1144,73.5,824,,,,,,,,,,
,54.600002,1096,72.1,872,,,,,,,,,,
,54.4,1112,70.700005,888,,,,,,,,,,
,54,1128,70.9,840,,,,,,,,,,
,54.600002,1072,71.5,824,,,,,,,,,,
,54.5,1104,70.9,864,,,,,,,,,,
,54.100002,1128,70.3,872,,,,,,,,,,
,54.7,1072,71.1,824,,,,,,,,,,
,54.8,1088,72.1,808,,,,,,,,,,
,54.8,1096,71.700005,848,,,,,,,,,,
,55,1080,70.8,872,,,,,,,,,,
,54.7,1112,70.6,856,,,,,,,,,,
,54.5,1112,72.200005,792,,,,,,,,,,
,55.100002,1064,72.200005,832,,,,,,,,,,
,54.5,1128,71.200005,872,,,,,,,,,,
,55,1072,70.9,856,,,,,,,,,,
,56.100002,1024,71.9,808,,,,,,,,,,
,56.3,1056,71.4,856,,,,,,,,,,
,55.600002,1112,70.4,880,,,,,,,,,,
,55.7,1072,70.700005,840,,,,,,,,,,
,55.3,1104,72.4,784,,,,,,,,,,
,54.7,1128,73,808,,,,,,,,,,
,55.600002,1040,72.1,856,,,,,,,,,,
,55.4,1088,71.3,864,,,,,,,,,,
,54.5,1144,70.5,872,,,,,,,,,,
,55.2,1056,71.6,808,,,,,,,,,,
,54.9,1104,72.200005,816,,,,,,,,,,
,55.2,1072,71.6,856,,,,,,,,,,
,56.5,1008,70.6,880,,,,,,,,,,
,55.600002,1120,71.3,824,,,,,,,,,,
,55.3,1096,72.9,784,,,,,,,,,,
,55.600002,1064,73.1,816,,,,,,,,,,
,54.4,1160,72.6,840,,,,,,,,,,
,53.5,1168,71.6,864,,,,,,,,,,
,53.9,1096,72.4,808,,,,,,,,,,
,54,1104,72.700005,816,,,,,,,,,,
,54.100002,1104,72.3,840,,,,,,,,,,
,55.5,1024,71.6,856,,,,,,,,,,
,56,1048,72.9,792,,,,,,,,,,
,56.5,1040,74,784,,,,,,,,,,
,56.600002,1056,74.3,800,,,,,,,,,,
,55.8,1112,73.6,832,,,,,,,,,,
,55,1128,72.9,840,,,,,,,,,,
,55.5,1056,73.5,800,,,,,,,,,,
,55,1112,74,800,,,,,,,,,,
,55.3,1072,72.4,872,,,,,,,,,,
,56.100002,1032,72.1,840,,,,,,,,,,
,55.9,1080,72.1,832,,,,,,,,,,
,56.4,1040,72.8,808,,,,,,,,,,
,56.8,1040,73.5,744,,,,,,,,,,
,55.8,1120,74.6,728,,,,,,,,,,
,56.100002,1056,76.9,728,,,,,,,,,,
,56.100002,1072,75.9,816,,,,,,,,,,
,55.2,1128,76.3,896,,,,,,,,,,
,55.4,1072,75.8,872,,,,,,,,,,
,55,1112,75.8,792,,,,,,,,,,
,54.600002,1120,74.9,824,,,,,,,,,,
,55.4,1048,73.5,856,,,,,,,,,,
,55.3,1088,72.1,872,,,,,,,,,,
,54.3,1152,72.1,832,,,,,,,,,,
,54.2,1112,73.200005,792,,,,,,,,,,
,54.2,1104,74.200005,784,,,,,,,,,,
,54.100002,1112,73.6,832,,,,,,,,,,
,55.3,1032,72.200005,872,,,,,,,,,,
,55.600002,1064,70.5,904,,,,,,,,,,
,55.100002,1112,70.8,840,,,,,,,,,,
,55.600002,1056,71,840,,,,,,,,,,
,,,71.3,832,,,,,,,,,,
,,,70.4,880,,,,,,,,,,
,,,69.6,888,,,,,,,,,,
,,,70.4,832,,,,,,,,,,
,,,71.3,816,,,,,,,,,,
,,,70.700005,864,,,,,,,,,,
,,,70.3,864,,,,,,,,,,
,,,69.3,896,,,,,,,,,,
,,,68.8,888,,,,,,,,,,
,,,70,824,,,,,,,,,,
,,,71.3,808,,,,,,,,,,
,,,71.5,832,,,,,,,,,,
,,,71.3,848,,,,,,,,,,
,,,71.3,840,,,,,,,,,,
,,,72.4,800,,,,,,,,,,
,,,73,808,,,,,,,,,,
,,,72.700005,832,,,,,,,,,,
,,,71.5,872,,,,,,,,,,
,,,71.9,824,,,,,,,,,,
,,,72.6,808,,,,,,,,,,
,,,73.3,752,,,,,,,,,,
,,,74.700005,768,,,,,,,,,,
,,,74.3,816,,,,,,,,,,
,,,74.3,808,,,,,,,,,,
,,,76.200005,744,,,,,,,,,,
,,,77.8,736,,,,,,,,,,
,,,78.4,752,,,,,,,,,,
,,,76.700005,824,,,,,,,,,,
,,,76,880,,,,,,,,,,
,,,74.6,840,,,,,,,,,,
,,,74.1,824,,,,,,,,,,
,,,,,,,,,,,,,,
,,,,,,,,,,,,,,
,,,,,,,,,,,,,,
,,,,,,,,,,,,,,
,,,,,,,,,,,,,,
,,,,,,,,,,,,,,
,,,,,,,,,,,,,,
,,,,,,,,,,,,,,
,,,,,,,,,,,,,,
,,,,,,,,,,,,,,
,,,,,,,,,,,,,,
,,,,,,,,,,,,,,
,,,,,,,,,,,,,,
,,,,,,,,,,,,,,
,,,,,,,,,,,,,,
,,,,,,,,,,,,,,
,,,,,,,,,,,,,,
,,,,,,,,,,,,,,
,,,,,,,,,,,,,,
,,,,,,,,,,,,,,
,,,,,,,,,,,,,,
,,,,,,,,,,,,,,
,,,,,,,,,,,,,,
,,,,,,,,,,,,,,
,,,,,,,,,,,,,,
,,,,,,,,,,,,,,
,,,,,,,,,,,,,,
,,,,,,,,,,,,,,
,,,,,,,,,,,,,,
,,,,,,,,,,,,,,
,,,,,,,,,,,,,,
,,,,,,,,,,,,,,
,,,,,,,,,,,,,,
,,,,,,,,,,,,,,
,,,,,,,,,,,,,,
,,,,,,,,,,,,,,
,,,,,,,,,,,,,,
,,,,,,,,,,,,,,
,,,,,,,,,,,,,,
,,,,,,,,,,,,,,
,,,,,,,,,,,,,,
,,,,,,,,,,,,,,
,,,,,,,,,,,,,,
,,,,,,,,,,,,,,
,,,,,,,,,,,,,,
,,,,,,,,,,,,,,
,,,,,,,,,,,,,,
,,,,,,,,,,,,,,
,,,,,,,,,,,,,,
,,,,,,,,,,,,,,
,,,,,,,,,,,,,,
,,,,,,,,,,,,,,
,,,,,,,,,,,,,,
,,,,,,,,,,,,,,
,,,,,,,,,,,,,,
,,,,,,,,,,,,,,
,,,,,,,,,,,,,,
,,,,,,,,,,,,,,
,,,,,,,,,,,,,,
,,,,,,,,,,,,,,
,,,,,,,,,,,,,,
,,,,,,,,,,,,,,
,,,,,,,,,,,,,,
,,,,,,,,,,,,,,
,,,,,,,,,,,,,,
,,,,,,,,,,,,,,
,,,,,,,,,,,,,,
,,,,,,,,,,,,,,
,,,,,,,,,,,,,,
,,,,,,,,,,,,,,
,,,,,,,,,,,,,,
,,,,,,,,,,,,,,
,,,,,,,,,,,,,,
Bos en Lommer,73.3,712,82.3,2480,<120,<120,<5,6.5-8,>3.8,>3.8,<7.8,7.8-11,18.5-25,18.5-25
,74.1,736,82.3,1704,,,,,,,,,,
,75.8,752,82.3,840,,,,,,,,,,
,77,696,82.3,1768,,,,,,,,,,
,78.5,688,82.3,920,,,,,,,,,,
,79.6,1368,83.1,656,,,,,,,,,,
,79.700005,752,83.1,3024,,,,,,,,,,
,80,744,83.700005,616,,,,,,,,,,
,80.700005,728,84.1,920,,,,,,,,,,
,80.200005,760,84.4,880,,,,,,,,,,
,81.700005,704,84.6,848,,,,,,,,,,
,83.4,688,84.8,856,,,,,,,,,,
,83.9,704,84.9,1696,,,,,,,,,,
,83.4,728,84.9,5320,,,,,,,,,,
,82.8,736,85,936,,,,,,,,,,
,82.700005,728,85,976,,,,,,,,,,
,83.200005,712,85,1776,,,,,,,,,,
,83.200005,1424,85,872,,,,,,,,,,
,83,728,85,1712,,,,,,,,,,
,83,1376,85,1840,,,,,,,,,,
,83,1432,85,1680,,,,,,,,,,
,83.4,712,85,832,,,,,,,,,,
,83.4,1400,85,880,,,,,,,,,,
,83.700005,712,85,1728,,,,,,,,,,
,83.700005,2080,85,968,,,,,,,,,,
,85.1,680,85,1872,,,,,,,,,,
,85.700005,688,85,912,,,,,,,,,,
,85.700005,2016,85,864,,,,,,,,,,
,85.5,704,85,816,,,,,,,,,,
,85.5,2064,83.9,824,,,,,,,,,,
,85.700005,696,82.1,856,,,,,,,,,,
,86.200005,688,80,800,,,,,,,,,,
,86.200005,1352,77.8,824,,,,,,,,,,
,85.6,712,77.200005,920,,,,,,,,,,
,85.5,704,75.700005,936,,,,,,,,,,
,86,688,72.700005,912,,,,,,,,,,
,85.200005,720,71.200005,976,,,,,,,,,,
,83.6,752,68.6,960,,,,,,,,,,
,83.6,2160,67.200005,936,,,,,,,,,,
,83,736,67,904,,,,,,,,,,
,83.700005,704,66.8,904,,,,,,,,,,
,83.9,712,66.200005,928,,,,,,,,,,
,83.4,728,66.4,896,,,,,,,,,,
,82.6,744,66.8,888,,,,,,,,,,
,82.3,736,66.200005,928,,,,,,,,,,
,82.3,1408,65.6,936,,,,,,,,,,
,82.3,728,65.700005,912,,,,,,,,,,
,81.8,744,64.700005,960,,,,,,,,,,
,82,728,64.5,936,,,,,,,,,,
,82,1400,64.6,928,,,,,,,,,,
,83,704,65.3,896,,,,,,,,,,
,83.1,720,67,848,,,,,,,,,,
,84.3,688,67.8,792,,,,,,,,,,
,84.9,696,67.6,896,,,,,,,,,,
,84.1,728,67.3,984,,,,,,,,,,
,83,744,66.3,936,,,,,,,,,,
,83.4,712,65.5,944,,,,,,,,,,
,83.9,704,64.700005,952,,,,,,,,,,
,83.4,728,63.7,976,,,,,,,,,,
,83.1,728,64.200005,920,,,,,,,,,,
,83.1,1384,64.700005,912,,,,,,,,,,
,83.5,712,64,960,,,,,,,,,,
,84,704,65.3,880,,,,,,,,,,
,84.700005,696,64.3,968,,,,,,,,,,
,84.700005,1360,63.2,992,,,,,,,,,,
,85.5,688,63.8,920,,,,,,,,,,
,85.4,704,63.9,936,,,,,,,,,,
,85.4,1392,64.5,912,,,,,,,,,,
,85.1,712,65.3,896,,,,,,,,,,
,85.1,704,66.4,872,,,,,,,,,,
,85.1,1384,65.9,928,,,,,,,,,,
,84.6,720,65.4,936,,,,,,,,,,
,85.4,688,65.3,920,,,,,,,,,,
,85.4,1368,65.3,920,,,,,,,,,,
,85.3,704,65.1,928,,,,,,,,,,
,85,712,65.700005,896,,,,,,,,,,
,85.700005,688,65.700005,912,,,,,,,,,,
,85.3,712,64.9,952,,,,,,,,,,
,84.200005,736,65,920,,,,,,,,,,
,84.200005,2144,65.200005,912,,,,,,,,,,
,83.4,736,64.5,952,,,,,,,,,,
,83.1,728,65.4,888,,,,,,,,,,
,83.1,2112,66.6,864,,,,,,,,,,
,82.6,736,66.4,912,,,,,,,,,,
,82.6,2136,66,920,,,,,,,,,,
,82,744,67.8,832,,,,,,,,,,
,82,1432,68.5,856,,,,,,,,,,
,82.700005,712,68.6,872,,,,,,,,,,
,82.3,736,67.6,920,,,,,,,,,,
,82.9,712,67.4,896,,,,,,,,,,
,83.3,712,66.6,928,,,,,,,,,,
,83.3,720,65.8,936,,,,,,,,,,
,82.8,736,65.5,928,,,,,,,,,,
,83.5,704,66,896,,,,,,,,,,
,84.3,696,65.3,944,,,,,,,,,,
,84,720,66.4,872,,,,,,,,,,
,83.8,720,68.3,824,,,,,,,,,,
,84.200005,704,69.700005,824,,,,,,,,,,
,85.1,688,69.4,872,,,,,,,,,,
,85.4,696,70.6,816,,,,,,,,,,
,84.8,720,71.1,832,,,,,,,,,,
,84.8,2152,70.200005,880,,,,,,,,,,
,83.3,752,70,864,,,,,,,,,,
,82.5,744,71.1,816,,,,,,,,,,
,82.5,1440,70.8,856,,,,,,,,,,
,81.9,744,70.200005,872,,,,,,,,,,
,81.8,736,69.4,888,,,,,,,,,,
,82.6,712,71.1,800,,,,,,,,,,
,83.4,704,70.6,864,,,,,,,,,,
,83.4,720,71.3,824,,,,,,,,,,
,82.8,736,72.9,784,,,,,,,,,,
,83,720,71.8,864,,,,,,,,,,
,83.4,712,71,944,,,,,,,,,,
,83.700005,712,,,,,,,,,,,,
,82.3,760,,,,,,,,,,,,
,82.1,736,,,,,,,,,,,,
,81.6,744,,,,,,,,,,,,
,82.700005,704,,,,,,,,,,,,
,83.200005,712,,,,,,,,,,,,
,83.200005,720,,,,,,,,,,,,
,83,728,,,,,,,,,,,,
,83.4,712,,,,,,,,,,,,
,84.200005,696,,,,,,,,,,,,
,83.9,720,,,,,,,,,,,,
,83.200005,736,,,,,,,,,,,,
,83,728,,,,,,,,,,,,
,83.1,720,,,,,,,,,,,,
,82.9,728,,,,,,,,,,,,
,82.700005,728,,,,,,,,,,,,
,83.200005,712,,,,,,,,,,,,
,83.5,712,,,,,,,,,,,,
,83.4,720,,,,,,,,,,,,
,83.4,720,,,,,,,,,,,,
,83.9,704,,,,,,,,,,,,
,84.3,704,,,,,,,,,,,,
,83.5,736,,,,,,,,,,,,
,,,,,,,,,,,,,,
,,,,,,,,,,,,,,
,,,,,,,,,,,,,,
,,,,,,,,,,,,,,
,,,,,,,,,,,,,,
,,,,,,,,,,,,,,
,,,,,,,,,,,,,,
,,,,,,,,,,,,,,
,,,,,,,,,,,,,,
,,,,,,,,,,,,,,
,,,,,,,,,,,,,,
,,,,,,,,,,,,,,
,,,,,,,,,,,,,,
,,,,,,,,,,,,,,
,,,,,,,,,,,,,,
,,,,,,,,,,,,,,
,,,,,,,,,,,,,,
,,,,,,,,,,,,,,
,,,,,,,,,,,,,,
,,,,,,,,,,,,,,
,,,,,,,,,,,,,,
,,,,,,,,,,,,,,
,,,,,,,,,,,,,,
,,,,,,,,,,,,,,
,,,,,,,,,,,,,,
,,,,,,,,,,,,,,
,,,,,,,,,,,,,,
,,,,,,,,,,,,,,
,,,,,,,,,,,,,,
,,,,,,,,,,,,,,
,,,,,,,,,,,,,,
,,,,,,,,,,,,,,
,,,,,,,,,,,,,,
,,,,,,,,,,,,,,
,,,,,,,,,,,,,,
,,,,,,,,,,,,,,
,,,,,,,,,,,,,,
,,,,,,,,,,,,,,
,,,,,,,,,,,,,,
,,,,,,,,,,,,,,
,,,,,,,,,,,,,,
,,,,,,,,,,,,,,
,,,,,,,,,,,,,,
,,,,,,,,,,,,,,
,,,,,,,,,,,,,,
,,,,,,,,,,,,,,
,,,,,,,,,,,,,,
,,,,,,,,,,,,,,
,,,,,,,,,,,,,,
,,,,,,,,,,,,,,
,,,,,,,,,,,,,,
,,,,,,,,,,,,,,
,,,,,,,,,,,,,,
,,,,,,,,,,,,,,
,,,,,,,,,,,,,,
,,,,,,,,,,,,,,
,,,,,,,,,,,,,,
,,,,,,,,,,,,,,
,,,,,,,,,,,,,,
,,,,,,,,,,,,,,
,,,,,,,,,,,,,,
,,,,,,,,,,,,,,
,,,,,,,,,,,,,,
,,,,,,,,,,,,,,
,,,,,,,,,,,,,,
,,,,,,,,,,,,,,
,,,,,,,,,,,,,,
,,,,,,,,,,,,,,
,,,,,,,,,,,,,,
,,,,,,,,,,,,,,
,,,,,,,,,,,,,,
,,,,,,,,,,,,,,
,,,,,,,,,,,,,,
,,,,,,,,,,,,,,
,,,,,,,,,,,,,,
,,,,,,,,,,,,,,
,,,,,,,,,,,,,,
,,,,,,,,,,,,,,
"Oud-West, De Baarsjes",80.700005,752,78.3,608,120-140,140-180,<5,<5,<3.8,<3.8,<7.8,<7.8,18.5-25,18.5-25
,81.200005,728,78.3,608,,,,,,,,,,
,81.8,720,78.3,616,,,,,,,,,,
,81.8,2136,78.3,608,,,,,,,,,,
,82.8,704,78.3,624,,,,,,,,,,
,82.8,1424,78.3,608,,,,,,,,,,
,84.8,672,78.3,592,,,,,,,,,,
,83.5,744,78.3,584,,,,,,,,,,
,82.9,736,80.5,584,,,,,,,,,,
,81.700005,760,83.4,592,,,,,,,,,,
,81.1,752,86.200005,608,,,,,,,,,,
,80.9,744,89.1,584,,,,,,,,,,
,80.9,1464,93.200005,584,,,,,,,,,,
,80.8,744,96.1,584,,,,,,,,,,
,81,736,98.1,584,,,,,,,,,,
,80.9,744,100.4,568,,,,,,,,,,
,81.1,736,99.5,616,,,,,,,,,,
,81.5,728,100.9,576,,,,,,,,,,
,82,720,101.9,576,,,,,,,,,,
,82.1,728,103.9,552,,,,,,,,,,
,82.1,1488,101.9,616,,,,,,,,,,
,81.9,736,101.700005,592,,,,,,,,,,
,81.3,752,100.8,608,,,,,,,,,,
,80.6,760,100.6,600,,,,,,,,,,
,80.6,744,100.4,600,,,,,,,,,,
,80.6,744,100.700005,592,,,,,,,,,,
,80.1,760,101.8,576,,,,,,,,,,
,79.5,768,100.1,624,,,,,,,,,,
,79.3,760,100.9,584,,,,,,,,,,
,79.5,752,100.6,600,,,,,,,,,,
,80.6,720,99.3,624,,,,,,,,,,
,80.1,760,100.8,576,,,,,,,,,,
,81.4,712,101.4,584,,,,,,,,,,
,81.200005,744,103.1,560,,,,,,,,,,
,81,744,102.200005,600,,,,,,,,,,
,81.200005,736,100.4,624,,,,,,,,,,
,81.3,736,100.700005,592,,,,,,,,,,
,80.3,768,100.5,600,,,,,,,,,,
,81.8,704,100.3,600,,,,,,,,,,
,81.700005,736,99.4,616,,,,,,,,,,
,81.9,728,98.4,624,,,,,,,,,,
,82.6,712,98.9,600,,,,,,,,,,
,82.3,736,98.8,608,,,,,,,,,,
,82.6,720,99.200005,600,,,,,,,,,,
,83.4,704,98.700005,616,,,,,,,,,,
,82,760,99.1,600,,,,,,,,,,
,81.6,744,99.4,600,,,,,,,,,,
,82.4,712,100.1,560,,,,,,,,,,
,82.1,736,100.5,592,,,,,,,,,,
,81.9,736,99.6,616,,,,,,,,,,
,83.5,688,100.1,592,,,,,,,,,,
,82.6,744,101.3,576,,,,,,,,,,
,83.1,712,102.200005,576,,,,,,,,,,
,82.6,736,102,592,,,,,,,,,,
,82.3,736,102.700005,576,,,,,,,,,,
,82.9,712,100.700005,624,,,,,,,,,,
,82.700005,728,101.3,584,,,,,,,,,,
,82.9,720,102.200005,576,,,,,,,,,,
,83,720,100.4,624,,,,,,,,,,
,83.700005,704,100.3,600,,,,,,,,,,
,83.6,720,99.8,608,,,,,,,,,,
,83.5,720,99.9,600,,,,,,,,,,
,82.9,736,100.4,592,,,,,,,,,,
,83,720,100.3,600,,,,,,,,,,
,82.5,736,99.8,608,,,,,,,,,,
,81.9,744,99.5,608,,,,,,,,,,
,82.3,720,99.700005,600,,,,,,,,,,
,81.8,744,100.200005,592,,,,,,,,,,
,81.200005,752,101,584,,,,,,,,,,
,80.3,768,99.6,624,,,,,,,,,,
,80.4,744,98.9,616,,,,,,,,,,
,79.700005,768,100.5,576,,,,,,,,,,
,79.700005,1552,100.3,600,,,,,,,,,,
,79,776,99.4,616,,,,,,,,,,
,78.5,776,97.700005,640,,,,,,,,,,
,77.700005,792,97.6,616,,,,,,,,,,
,76.700005,808,97.9,608,,,,,,,,,,
,77.4,760,99.3,584,,,,,,,,,,
,78.9,728,98,632,,,,,,,,,,
,78.9,760,99.4,584,,,,,,,,,,
,80,728,98.8,616,,,,,,,,,,
,81,720,100.4,576,,,,,,,,,,
,81.700005,720,100.700005,592,,,,,,,,,,
,81.9,728,100.5,600,,,,,,,,,,
,83.8,680,100.3,600,,,,,,,,,,
,83.4,728,101.5,576,,,,,,,,,,
,83.9,704,101.5,592,,,,,,,,,,
,84.9,688,101.5,592,,,,,,,,,,
,84.700005,712,101,600,,,,,,,,,,
,84.9,704,100.3,608,,,,,,,,,,
,85,704,100.6,592,,,,,,,,,,
,84.5,720,102.1,568,,,,,,,,,,
,85,696,101.1,608,,,,,,,,,,
,85.1,704,102,576,,,,,,,,,,
,85.1,704,100.6,616,,,,,,,,,,
,84.9,712,101.200005,584,,,,,,,,,,
,84.9,1384,101.700005,584,,,,,,,,,,
,84.9,1400,102,584,,,,,,,,,,
,85.9,680,101.8,592,,,,,,,,,,
,86,696,101.3,600,,,,,,,,,,
,86,1360,100.9,600,,,,,,,,,,
,86.700005,680,101.1,592,,,,,,,,,,
,87.200005,680,102.5,568,,,,,,,,,,
,87.5,680,101.700005,600,,,,,,,,,,
,87.700005,680,99.700005,632,,,,,,,,,,
,87.5,688,99,616,,,,,,,,,,
,87.4,688,99.3,600,,,,,,,,,,
,86.700005,704,99.1,608,,,,,,,,,,
,86.5,696,98.6,616,,,,,,,,,,
,85.5,720,99.4,592,,,,,,,,,,
,84,744,98,632,,,,,,,,,,
,82.200005,768,99,592,,,,,,,,,,
,82.3,728,99.3,600,,,,,,,,,,
,81.8,744,99.5,600,,,,,,,,,,
,81.4,744,99.700005,600,,,,,,,,,,
,81.200005,744,100.6,584,,,,,,,,,,
,81.3,736,101.200005,584,,,,,,,,,,
,81.1,744,100.8,600,,,,,,,,,,
,80.9,744,100.200005,608,,,,,,,,,,
,79.8,776,100.6,592,,,,,,,,,,
,80,744,101.200005,584,,,,,,,,,,
,80.200005,744,101.3,592,,,,,,,,,,
,80.6,736,101.3,592,,,,,,,,,,
,80.4,752,102.6,568,,,,,,,,,,
,81,728,101.4,608,,,,,,,,,,
,81.700005,720,101.8,584,,,,,,,,,,
,83.1,696,102.5,576,,,,,,,,,,
,84,696,103.4,568,,,,,,,,,,
,85,688,102.700005,624,,,,,,,,,,
,85.700005,688,101.1,616,,,,,,,,,,
,85.9,696,101.200005,592,,,,,,,,,,
,86,696,100.8,600,,,,,,,,,,
,85.8,704,100.6,600,,,,,,,,,,
,86.9,672,101.200005,584,,,,,,,,,,
,85.8,720,99.700005,624,,,,,,,,,,
,85.3,712,100.200005,592,,,,,,,,,,
,84.4,728,100.6,592,,,,,,,,,,
,83.8,728,100.8,592,,,,,,,,,,
,84,712,101.4,584,,,,,,,,,,
,83,744,100.700005,640,,,,,,,,,,
,82.5,736,99.3,624,,,,,,,,,,
,81.700005,752,99.5,600,,,,,,,,,,
,81.6,736,100.1,592,,,,,,,,,,
,80.8,760,101.3,576,,,,,,,,,,
,79.5,784,99.8,624,,,,,,,,,,
,78.8,776,99.5,608,,,,,,,,,,
,78.8,760,99.700005,600,,,,,,,,,,
,79.3,744,100.200005,592,,,,,,,,,,
,78.200005,792,101,584,,,,,,,,,,
,77.9,776,99.6,624,,,,,,,,,,
,78.700005,744,99.700005,600,,,,,,,,,,
,78.3,776,100.200005,592,,,,,,,,,,
,78.5,760,100.6,592,,,,,,,,,,
,78.9,752,101.700005,576,,,,,,,,,,
,,,101.200005,600,,,,,,,,,,
,,,100.8,600,,,,,,,,,,
,,,100.200005,608,,,,,,,,,,
,,,100.6,592,,,,,,,,,,
,,,100.8,592,,,,,,,,,,
,,,100.6,600,,,,,,,,,,
,,,100,608,,,,,,,,,,
,,,100.4,592,,,,,,,,,,
,,,100.700005,592,,,,,,,,,,
,,,100.9,592,,,,,,,,,,
,,,100.6,600,,,,,,,,,,
,,,100.4,600,,,,,,,,,,
,,,101.1,584,,,,,,,,,,
,,,101.200005,592,,,,,,,,,,
,,,100.8,600,,,,,,,,,,
,,,100.6,600,,,,,,,,,,
,,,100,608,,,,,,,,,,
,,,100.4,592,,,,,,,,,,
,,,101.1,584,,,,,,,,,,
,,,101.200005,592,,,,,,,,,,
,,,100.8,600,,,,,,,,,,
,,,100.200005,608,,,,,,,,,,
,,,99.700005,608,,,,,,,,,,
,,,99.8,600,,,,,,,,,,
,,,101.5,568,,,,,,,,,,
,,,100.3,616,,,,,,,,,,
,,,101.9,568,,,,,,,,,,
,,,101.700005,592,,,,,,,,,,
,,,100.4,616,,,,,,,,,,
,,,100.700005,592,,,,,,,,,,
,,,101.8,576,,,,,,,,,,
,,,100.1,624,,,,,,,,,,
,,,99.700005,608,,,,,,,,,,
,,,99,616,,,,,,,,,,
,,,99.3,600,,,,,,,,,,
,,,99.5,600,,,,,,,,,,
,,,99.700005,600,,,,,,,,,,
,,,99.4,608,,,,,,,,,,
,,,99.200005,608,,,,,,,,,,
,,,99.4,600,,,,,,,,,,
,,,100.4,584,,,,,,,,,,
,,,100.3,600,,,,,,,,,,
,,,101.5,576,,,,,,,,,,
,,,100.700005,608,,,,,,,,,,
,,,99,632,,,,,,,,,,
,,,99.700005,592,,,,,,,,,,
,,,,,,,,,,,,,,
,,,,,,,,,,,,,,
,,,,,,,,,,,,,,
,,,,,,,,,,,,,,
,,,,,,,,,,,,,,
,,,,,,,,,,,,,,
,,,,,,,,,,,,,,
,,,,,,,,,,,,,,
,,,,,,,,,,,,,,
,,,,,,,,,,,,,,
,,,,,,,,,,,,,,
,,,,,,,,,,,,,,
,,,,,,,,,,,,,,
,,,,,,,,,,,,,,
Oud-Zuid,72.41071,672,80.190216,736,<120,<120,<5,<5,<3.8,<3.8,<7.8,<7.8,18.5-25,18.5-25
,66.61969,2072,80.416664,720,,,,,,,,,,
,62.985466,1720,80.53371,712,,,,,,,,,,
,66.28571,672,81.1772,728,,,,,,,,,,
,69.04518,664,83.3,720,,,,,,,,,,
,66.056816,1320,82.8,736,,,,,,,,,,
,61.48506,2008,82.4,736,,,,,,,,,,
,56.93964,2104,82.4,728,,,,,,,,,,
,66.038795,464,82.1,736,,,,,,,,,,
,73.913795,464,81.9,736,,,,,,,,,,
,81.19737,456,81,760,,,,,,,,,,
,78.19922,1024,80.6,752,,,,,,,,,,
,75.19444,1080,80.1,760,,,,,,,,,,
,71.34146,1312,80,752,,,,,,,,,,
,65.662735,2120,79.700005,760,,,,,,,,,,
,80.07143,336,79.200005,768,,,,,,,,,,
,82.668915,592,78.4,784,,,,,,,,,,
,83.40086,696,77.8,784,,,,,,,,,,
,77.08929,1680,77.6,776,,,,,,,,,,
,70.89944,2128,77.3,784,,,,,,,,,,
,66.98251,1544,76.6,800,,,,,,,,,,
,63.74795,1464,76.1,800,,,,,,,,,,
,63.5,1000,75.3,816,,,,,,,,,,
,57.723347,4352,75,808,,,,,,,,,,
,51.419167,11208,74.5,816,,,,,,,,,,
,45.399155,9688,74,824,,,,,,,,,,
,39.888138,14616,73.8,816,,,,,,,,,,
,59.03846,312,73.3,832,,,,,,,,,,
,52.78671,6456,72.9,832,,,,,,,,,,
,52.02259,1328,73.1,816,,,,,,,,,,
,49.26506,1992,73,824,,,,,,,,,,
,45.429497,2936,73.200005,816,,,,,,,,,,
,51.550323,616,73.5,808,,,,,,,,,,
,58.704224,568,74,800,,,,,,,,,,
,60.225918,872,74.3,800,,,,,,,,,,
,60.652176,920,74.1,816,,,,,,,,,,
,68.49597,496,74.4,800,,,,,,,,,,
,74.62097,496,74.6,800,,,,,,,,,,
,75.9272,728,74.5,808,,,,,,,,,,
,71.23485,1584,74.4,808,,,,,,,,,,
,66.505844,1712,74.4,808,,,,,,,,,,
,72.411766,544,74.6,800,,,,,,,,,,
,69.08766,1232,74.700005,800,,,,,,,,,,
,63.224545,2632,74.8,800,,,,,,,,,,
,76.92732,344,74.9,800,,,,,,,,,,
,83.538795,464,74.700005,808,,,,,,,,,,
,85.36709,632,74.3,816,,,,,,,,,,
,89.02344,512,74.1,816,,,,,,,,,,
,103.916664,288,73.5,832,,,,,,,,,,
,97.510414,1152,73.1,832,,,,,,,,,,
,111.791664,288,73,824,,,,,,,,,,
,126.40909,264,72.700005,832,,,,,,,,,,
,127.611115,432,72.700005,824,,,,,,,,,,
,115.44669,2176,72.9,816,,,,,,,,,,
,103.52747,2584,73.3,808,,,,,,,,,,
,95.59559,1632,73.4,816,,,,,,,,,,
,101.688675,424,73.700005,808,,,,,,,,,,
,101.11709,632,73.9,808,,,,,,,,,,
,103.74385,488,73.8,816,,,,,,,,,,
,100.66495,776,73.700005,816,,,,,,,,,,
,105.736115,432,73.9,808,,,,,,,,,,
,119.53571,280,73.6,824,,,,,,,,,,
,116.86709,632,73.4,824,,,,,,,,,,
,115.043915,592,73.4,816,,,,,,,,,,
,124.66346,312,73.200005,824,,,,,,,,,,
,120.40441,680,73.1,824,,,,,,,,,,
,112.048874,1064,73.200005,816,,,,,,,,,,
,101.52444,2128,73.5,808,,,,,,,,,,
,92.02367,2704,73.3,824,,,,,,,,,,
,90.58064,744,73.1,824,,,,,,,,,,
,87.185486,992,73.200005,816,,,,,,,,,,
,101.46284,296,72.9,832,,,,,,,,,,
,,,72.4,840,,,,,,,,,,
,,,72.3,832,,,,,,,,,,
,,,71.4,864,,,,,,,,,,
,,,72,816,,,,,,,,,,
,,,71.8,840,,,,,,,,,,
,,,72.1,824,,,,,,,,,,
,,,72.1,832,,,,,,,,,,
,,,72.5,816,,,,,,,,,,
,,,73,808,,,,,,,,,,
,,,73.200005,816,,,,,,,,,,
,,,73.5,808,,,,,,,,,,
,,,73.3,824,,,,,,,,,,
,,,72.9,832,,,,,,,,,,
,,,74.5,768,,,,,,,,,,
,,,74.4,808,,,,,,,,,,
,,,74.4,808,,,,,,,,,,
,,,74.6,800,,,,,,,,,,
,,,74.5,808,,,,,,,,,,
,,,74.700005,800,,,,,,,,,,
,,,74.8,800,,,,,,,,,,
,,,74.6,808,,,,,,,,,,
,,,75,792,,,,,,,,,,
,,,75,800,,,,,,,,,,
,,,75,800,,,,,,,,,,
,,,75.200005,792,,,,,,,,,,
,,,74.700005,816,,,,,,,,,,
,,,74.6,808,,,,,,,,,,
,,,74.3,816,,,,,,,,,,
,,,74.1,816,,,,,,,,,,
,,,74.200005,808,,,,,,,,,,
,,,74,816,,,,,,,,,,
,,,74.1,808,,,,,,,,,,
,,,73.9,816,,,,,,,,,,
,,,73.6,824,,,,,,,,,,
,,,73.8,808,,,,,,,,,,
,,,73.700005,816,,,,,,,,,,
,,,73.9,808,,,,,,,,,,
,,,73.8,816,,,,,,,,,,
,,,74,808,,,,,,,,,,
,,,73.8,816,,,,,,,,,,
,,,74,808,,,,,,,,,,
,,,74.1,808,,,,,,,,,,
,,,74.4,800,,,,,,,,,,
,,,74.1,816,,,,,,,,,,
,,,74.6,792,,,,,,,,,,
,,,74.5,808,,,,,,,,,,
,,,74.4,808,,,,,,,,,,
,,,74.8,792,,,,,,,,,,
,,,75.1,792,,,,,,,,,,
,,,75.5,784,,,,,,,,,,
,,,76,776,,,,,,,,,,
,,,76.4,776,,,,,,,,,,
,,,76.700005,776,,,,,,,,,,
,,,77.4,760,,,,,,,,,,
,,,77.6,768,,,,,,,,,,
,,,78,760,,,,,,,,,,
,,,78.3,760,,,,,,,,,,
,,,78.5,760,,,,,,,,,,
,,,78.1,776,,,,,,,,,,
,,,77.9,776,,,,,,,,,,
,,,77.5,784,,,,,,,,,,
,,,76.700005,800,,,,,,,,,,
,,,76.200005,800,,,,,,,,,,
,,,75.4,816,,,,,,,,,,
,,,75.1,808,,,,,,,,,,
,,,74.9,808,,,,,,,,,,
,,,74.5,816,,,,,,,,,,
,,,74.200005,816,,,,,,,,,,
,,,74.200005,808,,,,,,,,,,
,,,73.8,824,,,,,,,,,,
,,,73.5,824,,,,,,,,,,
,,,73.5,816,,,,,,,,,,
,,,73.3,824,,,,,,,,,,
,,,72.9,832,,,,,,,,,,
,,,73.1,816,,,,,,,,,,
,,,72.8,832,,,,,,,,,,
,,,72.6,832,,,,,,,,,,
,,,,,,,,,,,,,,
,,,,,,,,,,,,,,
,,,,,,,,,,,,,,
,,,,,,,,,,,,,,
,,,,,,,,,,,,,,
,,,,,,,,,,,,,,
,,,,,,,,,,,,,,
,,,,,,,,,,,,,,
,,,,,,,,,,,,,,
,,,,,,,,,,,,,,
,,,,,,,,,,,,,,
,,,,,,,,,,,,,,
,,,,,,,,,,,,,,
,,,,,,,,,,,,,,
,,,,,,,,,,,,,,
,,,,,,,,,,,,,,
,,,,,,,,,,,,,,
,,,,,,,,,,,,,,
,,,,,,,,,,,,,,
,,,,,,,,,,,,,,
,,,,,,,,,,,,,,
,,,,,,,,,,,,,,
,,,,,,,,,,,,,,
,,,,,,,,,,,,,,
,,,,,,,,,,,,,,
,,,,,,,,,,,,,,
,,,,,,,,,,,,,,
,,,,,,,,,,,,,,
,,,,,,,,,,,,,,
,,,,,,,,,,,,,,
,,,,,,,,,,,,,,
,,,,,,,,,,,,,,
,,,,,,,,,,,,,,
,,,,,,,,,,,,,,
,,,,,,,,,,,,,,
,,,,,,,,,,,,,,
,,,,,,,,,,,,,,
,,,,,,,,,,,,,,
,,,,,,,,,,,,,,
,,,,,,,,,,,,,,
,,,,,,,,,,,,,,
,,,,,,,,,,,,,,
,,,,,,,,,,,,,,
,,,,,,,,,,,,,,
,,,,,,,,,,,,,,
,,,,,,,,,,,,,,
,,,,,,,,,,,,,,
,,,,,,,,,,,,,,
,,,,,,,,,,,,,,
,,,,,,,,,,,,,,
,,,,,,,,,,,,,,
,,,,,,,,,,,,,,
,,,,,,,,,,,,,,
,,,,,,,,,,,,,,
,,,,,,,,,,,,,,
,,,,,,,,,,,,,,
,,,,,,,,,,,,,,
,,,,,,,,,,,,,,
,,,,,,,,,,,,,,
,,,,,,,,,,,,,,
,,,,,,,,,,,,,,
,,,,,,,,,,,,,,
,,,,,,,,,,,,,,
,,,,,,,,,,,,,,
,,,,,,,,,,,,,,
Buitenveldert,72.8,752,81.5,1024,120-140,140-180,<5,6.5-8,<3.8,<3.8,<7.8,<7.8,<18.5,18.5-25
,73.700005,792,81.5,2056,,,,,,,,,,
,74.5,784,81.5,1032,,,,,,,,,,
,75.1,784,81.5,1032,,,,,,,,,,
,75.3,512,81.5,1024,,,,,,,,,,
,75.4,264,81.5,1032,,,,,,,,,,
,76.5,760,81.5,1064,,,,,,,,,,
,78.3,728,81.5,936,,,,,,,,,,
,79.8,720,81.5,1024,,,,,,,,,,
,80.3,736,81.5,1000,,,,,,,,,,
,80.9,728,81.5,992,,,,,,,,,,
,81.6,720,79.4,1024,,,,,,,,,,
,83,696,76.8,976,,,,,,,,,,
,83.1,720,74.3,952,,,,,,,,,,
,82.3,744,71.9,984,,,,,,,,,,
,81.3,760,68.5,992,,,,,,,,,,
,80.3,768,66.200005,984,,,,,,,,,,
,79.9,760,64.6,984,,,,,,,,,,
,80.1,744,64.1,952,,,,,,,,,,
,80,752,62.7,1008,,,,,,,,,,
,79.9,752,61.9,1000,,,,,,,,,,
,80.1,744,61.600002,984,,,,,,,,,,
,80.5,736,61.4,984,,,,,,,,,,
,81.3,720,61.7,960,,,,,,,,,,
,80.3,768,61.3,992,,,,,,,,,,
,78.9,792,61.100002,992,,,,,,,,,,
,78,792,61.100002,984,,,,,,,,,,
,78,768,61.100002,448,,,,,,,,,,
,76.9,808,61.100002,472,,,,,,,,,,
,76.1,808,61.100002,408,,,,,,,,,,
,76.200005,784,61.100002,624,,,,,,,,,,
,76.8,768,61.4,968,,,,,,,,,,
,77.4,760,61.9,952,,,,,,,,,,
,78.4,744,61.600002,984,,,,,,,,,,
,79.3,736,61.7,968,,,,,,,,,,
,80.5,720,61.3,992,,,,,,,,,,
,81.1,728,62.100002,936,,,,,,,,,,
,81.200005,736,61.9,976,,,,,,,,,,
,80.5,760,62.2,952,,,,,,,,,,
,80,760,62.2,736,,,,,,,,,,
,80.200005,744,62.2,272,,,,,,,,,,
,80.1,752,63.3,912,,,,,,,,,,
,79.700005,760,63.7,928,,,,,,,,,,
,79.5,760,63.7,296,,,,,,,,,,
,79.8,744,63.7,616,,,,,,,,,,
,80,744,64.700005,896,,,,,,,,,,
,80.5,736,65.4,896,,,,,,,,,,
,80.3,752,66.4,872,,,,,,,,,,
,79.9,760,66.9,880,,,,,,,,,,
,80.4,736,67.5,872,,,,,,,,,,
,80.200005,752,67.700005,880,,,,,,,,,,
,79.6,768,68.4,856,,,,,,,,,,
,79.4,760,68.5,872,,,,,,,,,,
,79.8,744,68.8,864,,,,,,,,,,
,79.8,752,69,864,,,,,,,,,,
,79.5,760,69.1,864,,,,,,,,,,
,79.6,752,68.8,880,,,,,,,,,,
,80.200005,736,68.6,880,,,,,,,,,,
,80.6,736,68.1,896,,,,,,,,,,
,80.4,752,67.200005,920,,,,,,,,,,
,79.5,776,66.3,936,,,,,,,,,,
,79.3,760,65.5,944,,,,,,,,,,
,80.200005,728,65.5,296,,,,,,,,,,
,81.1,720,65.5,264,,,,,,,,,,
,82.6,696,65.5,1312,,,,,,,,,,
,83.1,712,64.6,960,,,,,,,,,,
,82.1,752,64.1,952,,,,,,,,,,
,80.9,768,63.9,944,,,,,,,,,,
,79.6,784,64.1,928,,,,,,,,,,
,78.9,776,64.4,920,,,,,,,,,,
,79.4,744,64.6,920,,,,,,,,,,
,80,736,64.8,920,,,,,,,,,,
,80.700005,728,65.1,912,,,,,,,,,,
,81.200005,728,65.1,920,,,,,,,,,,
,81.8,720,65.3,912,,,,,,,,,,
,81.700005,736,65.5,912,,,,,,,,,,
,80.6,768,65.8,904,,,,,,,,,,
,79.200005,792,66.200005,896,,,,,,,,,,
,77.9,800,66.4,896,,,,,,,,,,
,77.700005,776,66.6,896,,,,,,,,,,
,77.1,792,66.9,888,,,,,,,,,,
,77.4,768,67.5,872,,,,,,,,,,
,77.9,760,68.1,864,,,,,,,,,,
,79.5,720,67.9,888,,,,,,,,,,
,79.8,744,67.8,888,,,,,,,,,,
,79.5,760,67.9,880,,,,,,,,,,
,79.1,768,67.4,904,,,,,,,,,,
,79.3,752,67.3,896,,,,,,,,,,
,79.5,752,67.4,888,,,,,,,,,,
,79.8,744,67.1,904,,,,,,,,,,
,80,744,67.3,888,,,,,,,,,,
,80.200005,744,67.4,888,,,,,,,,,,
,80.9,728,67.5,888,,,,,,,,,,
,80.6,752,67.9,872,,,,,,,,,,
,79.6,776,68.200005,872,,,,,,,,,,
,78.5,792,68.4,872,,,,,,,,,,
,78.4,768,68.3,880,,,,,,,,,,
,77.6,792,68.8,856,,,,,,,,,,
,77.1,792,68.6,880,,,,,,,,,,
,77.4,768,68.8,864,,,,,,,,,,
,77.4,776,69,864,,,,,,,,,,
,76.5,808,68.9,872,,,,,,,,,,
,75.6,816,68.700005,880,,,,,,,,,,
,75.700005,792,68.5,880,,,,,,,,,,
,77.200005,744,68.4,880,,,,,,,,,,
,78.8,728,68.5,872,,,,,,,,,,
,79.6,688,68.4,880,,,,,,,,,,
,80.9,664,68.200005,888,,,,,,,,,,
,83.1,680,68,888,,,,,,,,,,
,84,696,68.200005,872,,,,,,,,,,
,84.1,712,68.6,864,,,,,,,,,,
,83.9,720,69.1,856,,,,,,,,,,
,82.700005,752,68.8,880,,,,,,,,,,
,81.6,760,69,864,,,,,,,,,,
,81.8,728,68.8,880,,,,,,,,,,
,82.3,720,68.8,872,,,,,,,,,,
,82.3,728,69,864,,,,,,,,,,
,82.3,728,68.9,872,,,,,,,,,,
,83.200005,704,69.3,856,,,,,,,,,,
,82.700005,736,69.5,856,,,,,,,,,,
,81.3,768,69.700005,856,,,,,,,,,,
,80.1,776,70.6,824,,,,,,,,,,
,78.6,800,70.6,432,,,,,,,,,,
,77.5,800,70.6,1280,,,,,,,,,,
,77.200005,784,71.3,824,,,,,,,,,,
,78,752,71.8,824,,,,,,,,,,
,78.5,752,72.3,816,,,,,,,,,,
,78.1,776,72.5,824,,,,,,,,,,
,77.6,784,72.8,816,,,,,,,,,,
,77.5,776,72.8,824,,,,,,,,,,
,77.200005,784,72.6,832,,,,,,,,,,
,76.5,800,72.4,832,,,,,,,,,,
,77,768,72.3,832,,,,,,,,,,
,77.3,768,72.5,824,,,,,,,,,,
,77.5,768,72,848,,,,,,,,,,
,77.200005,784,71.4,856,,,,,,,,,,
,76.8,792,70.8,864,,,,,,,,,,
,76.700005,784,70.6,856,,,,,,,,,,
,76.9,776,70.700005,848,,,,,,,,,,
,77.5,760,70.700005,848,,,,,,,,,,
,77.9,760,,,,,,,,,,,,
,78.5,752,,,,,,,,,,,,
,79.1,744,,,,,,,,,,,,
,79,760,,,,,,,,,,,,
,78,792,,,,,,,,,,,,
,77.3,792,,,,,,,,,,,,
,76.6,800,,,,,,,,,,,,
,76.8,776,,,,,,,,,,,,
,76.5,792,,,,,,,,,,,,
,76.3,792,,,,,,,,,,,,
,76.1,792,,,,,,,,,,,,
,76.9,760,,,,,,,,,,,,
,77.3,768,,,,,,,,,,,,
,78.1,752,,,,,,,,,,,,
,78.9,744,,,,,,,,,,,,
,79.4,744,,,,,,,,,,,,
,80.6,720,,,,,,,,,,,,
,80.9,736,,,,,,,,,,,,
,80.8,744,,,,,,,,,,,,
,80.5,752,,,,,,,,,,,,
,80.5,744,,,,,,,,,,,,
,79.5,776,,,,,,,,,,,,
,78.6,784,,,,,,,,,,,,
,78.200005,776,,,,,,,,,,,,
,78.4,760,,,,,,,,,,,,
,78.3,768,,,,,,,,,,,,
,78.200005,768,,,,,,,,,,,,
,,,,,,,,,,,,,,
,,,,,,,,,,,,,,
,,,,,,,,,,,,,,
,,,,,,,,,,,,,,
,,,,,,,,,,,,,,
,,,,,,,,,,,,,,
,,,,,,,,,,,,,,
,,,,,,,,,,,,,,
,,,,,,,,,,,,,,
,,,,,,,,,,,,,,
,,,,,,,,,,,,,,
,,,,,,,,,,,,,,
,,,,,,,,,,,,,,
,,,,,,,,,,,,,,
,,,,,,,,,,,,,,
,,,,,,,,,,,,,,
,,,,,,,,,,,,,,
,,,,,,,,,,,,,,
,,,,,,,,,,,,,,
,,,,,,,,,,,,,,
,,,,,,,,,,,,,,
,,,,,,,,,,,,,,
,,,,,,,,,,,,,,
,,,,,,,,,,,,,,
,,,,,,,,,,,,,,
,,,,,,,,,,,,,,
,,,,,,,,,,,,,,
,,,,,,,,,,,,,,
,,,,,,,,,,,,,,
,,,,,,,,,,,,,,
,,,,,,,,,,,,,,
,,,,,,,,,,,,,,
,,,,,,,,,,,,,,
,,,,,,,,,,,,,,
,,,,,,,,,,,,,,
,,,,,,,,,,,,,,
,,,,,,,,,,,,,,
,,,,,,,,,,,,,,
,,,,,,,,,,,,,,
,,,,,,,,,,,,,,
,,,,,,,,,,,,,,
,,,,,,,,,,,,,,
,,,,,,,,,,,,,,
,,,,,,,,,,,,,,
,,,,,,,,,,,,,,
,,,,,,,,,,,,,,
,,,,,,,,,,,,,,
Amsterdamse Bos,83.700005,632,83.700005,736,<120,<120,5-6.5,<5,<3.8,>3.8,<7.8,7.8-11,18.5-25,18.5-25
,86.4,576,82.8,744,,,,,,,,,,
,89.1,592,82.4,736,,,,,,,,,,
,91.200005,624,82.1,736,,,,,,,,,,
,92.5,512,81.9,736,,,,,,,,,,
,93.4,488,81.5,744,,,,,,,,,,
,94.1,808,81.200005,744,,,,,,,,,,
,95.200005,584,81.200005,584,,,,,,,,,,
,96.6,600,81.200005,896,,,,,,,,,,
,97.9,560,81,744,,,,,,,,,,
,100.200005,568,80.9,744,,,,,,,,,,
,102.8,552,81.9,712,,,,,,,,,,
,105.1,544,81,760,,,,,,,,,,
,105.700005,560,80.9,744,,,,,,,,,,
,105.200005,576,80.8,744,,,,,,,,,,
,104.4,584,81,736,,,,,,,,,,
,104.3,576,81.200005,736,,,,,,,,,,
,104.3,576,81,744,,,,,,,,,,
,103.700005,616,80.9,744,,,,,,,,,,
,103.9,576,81.4,728,,,,,,,,,,
,102.9,632,80.6,760,,,,,,,,,,
,103.3,576,80.6,744,,,,,,,,,,
,103.6,576,80.6,952,,,,,,,,,,
,104.1,536,80.6,536,,,,,,,,,,
,104.6,568,80.4,752,,,,,,,,,,
,104.9,568,81.6,712,,,,,,,,,,
,103,608,81.6,464,,,,,,,,,,
,102.3,640,81.6,4264,,,,,,,,,,
,100.8,672,82.4,664,,,,,,,,,,
,98.3,648,83.700005,648,,,,,,,,,,
,96.9,680,83.700005,2048,,,,,,,,,,
,94.9,664,86.4,648,,,,,,,,,,
,92.9,680,86.6,688,,,,,,,,,,
,93.9,624,86.6,2040,,,,,,,,,,
,94.200005,632,86.5,696,,,,,,,,,,
,92.700005,672,86.1,704,,,,,,,,,,
,93,640,86.700005,680,,,,,,,,,,
,91.6,680,86.9,688,,,,,,,,,,
,91.6,656,87.3,680,,,,,,,,,,
,92.3,640,87.9,672,,,,,,,,,,
,94.200005,608,89.700005,640,,,,,,,,,,
,95.200005,616,90.9,640,,,,,,,,,,
,94.1,656,91.4,648,,,,,,,,,,
,95.1,616,91.8,648,,,,,,,,,,
,95.8,584,91.4,664,,,,,,,,,,
,97.1,600,91.4,656,,,,,,,,,,
,98,600,91.4,656,,,,,,,,,,
,98.6,600,91.1,664,,,,,,,,,,
,99.8,584,91.1,392,,,,,,,,,,
,101.1,576,91.1,2176,,,,,,,,,,
,100,616,90.200005,680,,,,,,,,,,
,100.8,552,90.3,664,,,,,,,,,,
,101.4,664,90,672,,,,,,,,,,
,100.200005,616,90.5,656,,,,,,,,,,
,98.6,632,90.5,664,,,,,,,,,,
,96.8,648,90.8,656,,,,,,,,,,
,96.6,624,91,656,,,,,,,,,,
,97.5,568,91.8,640,,,,,,,,,,
,97.5,616,92,648,,,,,,,,,,
,97.3,656,92.5,640,,,,,,,,,,
,95.9,648,92.5,648,,,,,,,,,,
,97.1,600,92.5,1288,,,,,,,,,,
,96.1,640,92.9,640,,,,,,,,,,
,96.9,608,93.9,624,,,,,,,,,,
,98.3,592,93.9,1256,,,,,,,,,,
,99.200005,592,93.9,1248,,,,,,,,,,
,99.9,592,93.9,9936,,,,,,,,,,
,101.200005,576,93.9,23112,,,,,,,,,,
,100.4,608,93.200005,696,,,,,,,,,,
,102.4,560,93.700005,632,,,,,,,,,,
,103.4,568,93.4,400,,,,,,,,,,
,101.6,616,93.200005,976,,,,,,,,,,
,101.1,600,93,584,,,,,,,,,,
,100,616,93,2080,,,,,,,,,,
,101.3,576,92.9,1344,,,,,,,,,,
,101.3,536,92.9,3016,,,,,,,,,,
,102.6,568,92.8,1360,,,,,,,,,,
,102.6,464,92.700005,1200,,,,,,,,,,
,101.8,600,92.700005,1560,,,,,,,,,,
,103.9,552,92.700005,10968,,,,,,,,,,
,105.8,544,92.700005,768,,,,,,,,,,
,106.5,528,92,664,,,,,,,,,,
,107,456,92,2432,,,,,,,,,,
,105.700005,584,92,9192,,,,,,,,,,
,107.6,536,92,3096,,,,,,,,,,
,108.4,544,92,1976,,,,,,,,,,
,109.5,536,,,,,,,,,,,,
,110.700005,528,,,,,,,,,,,,
,112.1,520,,,,,,,,,,,,
,112.6,528,,,,,,,,,,,,
,114.5,504,,,,,,,,,,,,
,113.200005,544,,,,,,,,,,,,
,113.3,528,,,,,,,,,,,,
,114.5,512,,,,,,,,,,,,
,113.700005,568,,,,,,,,,,,,
,111.3,568,,,,,,,,,,,,
,110.1,592,,,,,,,,,,,,
,109.200005,560,,,,,,,,,,,,
,107.9,600,,,,,,,,,,,,
,107,656,,,,,,,,,,,,
,106.4,632,,,,,,,,,,,,
,106,640,,,,,,,,,,,,
,104.6,592,,,,,,,,,,,,
,104.5,576,,,,,,,,,,,,
,104.3,1128,,,,,,,,,,,,
,105.1,528,,,,,,,,,,,,
,107.1,536,,,,,,,,,,,,
,107.6,552,,,,,,,,,,,,
,107,568,,,,,,,,,,,,
,106.6,568,,,,,,,,,,,,
,108.200005,536,,,,,,,,,,,,
,107,576,,,,,,,,,,,,
,108.5,536,,,,,,,,,,,,
,107.6,568,,,,,,,,,,,,
,107,568,,,,,,,,,,,,
,106.6,568,,,,,,,,,,,,
,106.6,640,,,,,,,,,,,,
,106.6,664,,,,,,,,,,,,
,104.6,600,,,,,,,,,,,,
,104.5,576,,,,,,,,,,,,
,104.4,576,,,,,,,,,,,,
,105.700005,552,,,,,,,,,,,,
,105.700005,496,,,,,,,,,,,,
,103.6,608,,,,,,,,,,,,
,103.6,520,,,,,,,,,,,,
,103.6,520,,,,,,,,,,,,
,103.6,504,,,,,,,,,,,,
,104.4,536,,,,,,,,,,,,
,105.8,520,,,,,,,,,,,,
,108.1,528,,,,,,,,,,,,
,108.8,640,,,,,,,,,,,,
,109.3,616,,,,,,,,,,,,
,109.6,672,,,,,,,,,,,,
,109.8,624,,,,,,,,,,,,
,109.3,584,,,,,,,,,,,,
,108.200005,600,,,,,,,,,,,,
,107.4,568,,,,,,,,,,,,
,106.9,568,,,,,,,,,,,,
,106.5,568,,,,,,,,,,,,
,107.1,520,,,,,,,,,,,,
,106.6,568,,,,,,,,,,,,
,107.200005,552,,,,,,,,,,,,
,106.6,608,,,,,,,,,,,,
,106.3,568,,,,,,,,,,,,
,104,608,,,,,,,,,,,,
,104.1,576,,,,,,,,,,,,
,103.9,656,,,,,,,,,,,,
,102.3,608,,,,,,,,,,,,
,101.5,640,,,,,,,,,,,,
,101,600,,,,,,,,,,,,
,99.6,624,,,,,,,,,,,,
,100.1,592,,,,,,,,,,,,
,99.9,536,,,,,,,,,,,,
,100.4,560,,,,,,,,,,,,
,101.5,576,,,,,,,,,,,,
,101.5,592,,,,,,,,,,,,
,101,600,,,,,,,,,,,,
,102.8,560,,,,,,,,,,,,
,102.8,584,,,,,,,,,,,,
,104.6,552,,,,,,,,,,,,
,105.3,536,,,,,,,,,,,,
,105.8,560,,,,,,,,,,,,
,107.6,536,,,,,,,,,,,,
,106.6,576,,,,,,,,,,,,
,106.8,480,,,,,,,,,,,,
,106.9,736,,,,,,,,,,,,
,105.9,632,,,,,,,,,,,,
,104,664,,,,,,,,,,,,
,101.700005,624,,,,,,,,,,,,
,100.8,608,,,,,,,,,,,,
,99.4,664,,,,,,,,,,,,
,99.1,576,,,,,,,,,,,,
,100.6,576,,,,,,,,,,,,
,101.200005,584,,,,,,,,,,,,
,101.700005,584,,,,,,,,,,,,
,103.3,560,,,,,,,,,,,,
,102.700005,592,,,,,,,,,,,,
,102.3,592,,,,,,,,,,,,
,104.200005,552,,,,,,,,,,,,
,104.200005,648,,,,,,,,,,,,
,102.5,608,,,,,,,,,,,,
,101.8,632,,,,,,,,,,,,
,102.1,584,,,,,,,,,,,,
,100.700005,616,,,,,,,,,,,,
,101.8,576,,,,,,,,,,,,
,102.5,576,,,,,,,,,,,,
,102.6,584,,,,,,,,,,,,
,102.200005,592,,,,,,,,,,,,
,101.5,632,,,,,,,,,,,,
,100.700005,608,,,,,,,,,,,,
,99.700005,616,,,,,,,,,,,,
,101.1,576,,,,,,,,,,,,
,102.5,568,,,,,,,,,,,,
,100.6,624,,,,,,,,,,,,
,98.9,632,,,,,,,,,,,,
,98.1,624,,,,,,,,,,,,
,96.8,640,,,,,,,,,,,,
,96.6,624,,,,,,,,,,,,
,96.1,632,,,,,,,,,,,,
,95.4,640,,,,,,,,,,,,
,96.4,608,,,,,,,,,,,,
,97.5,600,,,,,,,,,,,,
,99.5,576,,,,,,,,,,,,
,99.3,608,,,,,,,,,,,,
,100.3,584,,,,,,,,,,,,
,99.4,616,,,,,,,,,,,,
,,,,,,,,,,,,,,
,,,,,,,,,,,,,,
,,,,,,,,,,,,,,
,,,,,,,,,,,,,,
,,,,,,,,,,,,,,
,,,,,,,,,,,,,,
,,,,,,,,,,,,,,
,,,,,,,,,,,,,,
Centrum-West,80.4,760,59.768322,921,120-140,120-140,<5,<5,<3.8,<3.8,7.8-11,7.8-11,25-30,18.5-25
,80.700005,736,60.43651,945,,,,,,,,,,
,80.9,736,60.43651,945,,,,,,,,,,
,80.8,744,62.5,960,,,,,,,,,,
,80.200005,760,62.2,976,,,,,,,,,,
,81.700005,704,62.3,960,,,,,,,,,,
,81.6,736,62.8,937,,,,,,,,,,
,81.8,728,63,945,,,,,,,,,,
,83.1,696,62.8,960,,,,,,,,,,
,84,696,62.9,953,,,,,,,,,,
,84.4,704,62.600002,968,,,,,,,,,,
,84.6,704,63.5,914,,,,,,,,,,
,85.4,688,63.3,953,,,,,,,,,,
,85.6,696,64.700005,882,,,,,,,,,,
,85.200005,712,64.8,921,,,,,,,,,,
,84.9,712,65.200005,906,,,,,,,,,,
,85.3,696,66.200005,875,,,,,,,,,,
,85.3,704,65.5,937,,,,,,,,,,
,84.4,728,65.200005,929,,,,,,,,,,
,83.8,728,64.700005,945,,,,,,,,,,
,84.5,696,63.7,976,,,,,,,,,,
,83.9,728,62.7,992,,,,,,,,,,
,83.700005,720,62.600002,960,,,,,,,,,,
,83.6,720,62.100002,984,,,,,,,,,,
,84.1,704,62.2,960,,,,,,,,,,
,83.9,720,62,976,,,,,,,,,,
,83.4,728,62.5,945,,,,,,,,,,
,82.3,752,62.8,945,,,,,,,,,,
,82.6,720,62.7,960,,,,,,,,,,
,82.5,728,62.8,953,,,,,,,,,,
,81.700005,752,62.9,953,,,,,,,,,,
,80.6,768,62.8,960,,,,,,,,,,
,80.1,760,63.3,929,,,,,,,,,,
,80.5,736,63.2,953,,,,,,,,,,
,80,760,63.3,945,,,,,,,,,,
,79.4,768,63.7,929,,,,,,,,,,
,79,768,62.7,992,,,,,,,,,,
,79.200005,752,62.9,945,,,,,,,,,,
,79.1,760,62.3,984,,,,,,,,,,
,78.8,768,62.100002,976,,,,,,,,,,
,78.1,784,62.5,945,,,,,,,,,,
,78.3,760,61.9,992,,,,,,,,,,
,78.200005,768,62.100002,960,,,,,,,,,,
,77.9,776,61.9,976,,,,,,,,,,
,77.3,792,61.5,992,,,,,,,,,,
,77.3,776,61.3,984,,,,,,,,,,
,77.1,784,60.600002,1015,,,,,,,,,,
,76.5,800,60.100002,1015,,,,,,,,,,
,76.5,784,59.8,1015,,,,,,,,,,
,77.200005,760,59.9,1000,,,,,,,,,,
,77,784,,,,,,,,,,,,
,76.8,784,,,,,,,,,,,,
,77.200005,768,,,,,,,,,,,,
,78,752,,,,,,,,,,,,
,77.8,776,,,,,,,,,,,,
,77.4,784,,,,,,,,,,,,
,77.9,760,,,,,,,,,,,,
,78,768,,,,,,,,,,,,
,77.5,784,,,,,,,,,,,,
,77.9,760,,,,,,,,,,,,
,78.200005,760,,,,,,,,,,,,
,77.9,776,,,,,,,,,,,,
,78,768,,,,,,,,,,,,
,78.5,752,,,,,,,,,,,,
,78.9,752,,,,,,,,,,,,
,78.9,760,,,,,,,,,,,,
,79.700005,736,,,,,,,,,,,,
,80,744,,,,,,,,,,,,
,79.700005,760,,,,,,,,,,,,
,79.700005,752,,,,,,,,,,,,
,79.700005,752,,,,,,,,,,,,
,80.5,728,,,,,,,,,,,,
,80.5,744,,,,,,,,,,,,
,80.5,744,,,,,,,,,,,,
,81.1,728,,,,,,,,,,,,
,81.200005,736,,,,,,,,,,,,
,81,744,,,,,,,,,,,,
,80.4,760,,,,,,,,,,,,
,80.5,744,,,,,,,,,,,,
,81.1,728,,,,,,,,,,,,
,80.700005,752,,,,,,,,,,,,
,80.4,752,,,,,,,,,,,,
,81.3,720,,,,,,,,,,,,
,81.4,736,,,,,,,,,,,,
,81.4,736,,,,,,,,,,,,
,81.700005,728,,,,,,,,,,,,
,82.5,712,,,,,,,,,,,,
,82.700005,720,,,,,,,,,,,,
,82.9,720,,,,,,,,,,,,
,83.3,712,,,,,,,,,,,,
,83.6,712,,,,,,,,,,,,
,83.200005,728,,,,,,,,,,,,
,82.4,744,,,,,,,,,,,,
,82.4,728,,,,,,,,,,,,
,81.9,744,,,,,,,,,,,,
,81.3,752,,,,,,,,,,,,
,80.6,760,,,,,,,,,,,,
,80.6,744,,,,,,,,,,,,
,80.1,760,,,,,,,,,,,,
,79.5,768,,,,,,,,,,,,
,79.3,760,,,,,,,,,,,,
,80,736,,,,,,,,,,,,
,79.700005,760,,,,,,,,,,,,
,79.200005,768,,,,,,,,,,,,
,79.4,752,,,,,,,,,,,,
,79.5,752,,,,,,,,,,,,
,79.1,768,,,,,,,,,,,,
,78.8,768,,,,,,,,,,,,
,79.3,744,,,,,,,,,,,,
,78.9,768,,,,,,,,,,,,
,78.700005,768,,,,,,,,,,,,
,78.8,760,,,,,,,,,,,,
,79.1,752,,,,,,,,,,,,
,78.8,768,,,,,,,,,,,,
,78.3,776,,,,,,,,,,,,
,78.5,760,,,,,,,,,,,,
,78.9,752,,,,,,,,,,,,
,78.700005,768,,,,,,,,,,,,
,78.8,760,,,,,,,,,,,,
,79.1,752,,,,,,,,,,,,
,79.3,752,,,,,,,,,,,,
,79.200005,760,,,,,,,,,,,,
,79.9,736,,,,,,,,,,,,
,79.6,760,,,,,,,,,,,,
,79.4,760,,,,,,,,,,,,
,79,768,,,,,,,,,,,,
,78.700005,768,,,,,,,,,,,,
,78.3,776,,,,,,,,,,,,
,77.5,792,,,,,,,,,,,,
,77.4,776,,,,,,,,,,,,
,77.6,768,,,,,,,,,,,,
,77.5,776,,,,,,,,,,,,
,77,792,,,,,,,,,,,,
,76.6,792,,,,,,,,,,,,
,77.1,768,,,,,,,,,,,,
,76.9,784,,,,,,,,,,,,
,76.8,784,,,,,,,,,,,,
,77.4,760,,,,,,,,,,,,
,77.4,776,,,,,,,,,,,,
,76.9,792,,,,,,,,,,,,
,76.1,808,,,,,,,,,,,,
,76,792,,,,,,,,,,,,
,75.9,792,,,,,,,,,,,,
,75.6,800,,,,,,,,,,,,
,75.700005,792,,,,,,,,,,,,
,76.200005,776,,,,,,,,,,,,
,75.8,800,,,,,,,,,,,,
,75.6,800,,,,,,,,,,,,
,76.1,776,,,,,,,,,,,,
,76.200005,784,,,,,,,,,,,,
,76.1,792,,,,,,,,,,,,
,76.5,776,,,,,,,,,,,,
,77.5,752,,,,,,,,,,,,
,77.700005,768,,,,,,,,,,,,
,78.3,752,,,,,,,,,,,,
,79,744,,,,,,,,,,,,
,79.200005,752,,,,,,,,,,,,
,78.9,768,,,,,,,,,,,,
,79.200005,752,,,,,,,,,,,,
,79.1,760,,,,,,,,,,,,
,79,760,,,,,,,,,,,,
,78.700005,768,,,,,,,,,,,,
,79,752,,,,,,,,,,,,
,79.200005,752,,,,,,,,,,,,
,79.6,744,,,,,,,,,,,,
,80.4,728,,,,,,,,,,,,
,81.3,720,,,,,,,,,,,,
,81.6,728,,,,,,,,,,,,
,,,,,,,,,,,,,,
,,,,,,,,,,,,,,
,,,,,,,,,,,,,,
,,,,,,,,,,,,,,
,,,,,,,,,,,,,,
,,,,,,,,,,,,,,
,,,,,,,,,,,,,,
,,,,,,,,,,,,,,
,,,,,,,,,,,,,,
,,,,,,,,,,,,,,
,,,,,,,,,,,,,,
,,,,,,,,,,,,,,
,,,,,,,,,,,,,,
,,,,,,,,,,,,,,
,,,,,,,,,,,,,,
,,,,,,,,,,,,,,
,,,,,,,,,,,,,,
,,,,,,,,,,,,,,
,,,,,,,,,,,,,,
,,,,,,,,,,,,,,
,,,,,,,,,,,,,,
,,,,,,,,,,,,,,
,,,,,,,,,,,,,,
,,,,,,,,,,,,,,
,,,,,,,,,,,,,,
,,,,,,,,,,,,,,
,,,,,,,,,,,,,,
,,,,,,,,,,,,,,
,,,,,,,,,,,,,,
,,,,,,,,,,,,,,
,,,,,,,,,,,,,,
,,,,,,,,,,,,,,
,,,,,,,,,,,,,,
,,,,,,,,,,,,,,
,,,,,,,,,,,,,,
,,,,,,,,,,,,,,
,,,,,,,,,,,,,,
,,,,,,,,,,,,,,
,,,,,,,,,,,,,,
,,,,,,,,,,,,,,
,,,,,,,,,,,,,,
,,,,,,,,,,,,,,
,,,,,,,,,,,,,,
,,,,,,,,,,,,,,
,,,,,,,,,,,,,,
,,,,,,,,,,,,,,
Centrum-Oost,67.700005,867,74.4,640,<120,<120,<5,<5,>3.8,<3.8,<7.8,7.8-11,>30,>30
,67.8,882,74.4,640,,,,,,,,,,
,68.200005,867,74.4,648,,,,,,,,,,
,69.3,835,74.4,664,,,,,,,,,,
,70.5,820,75.9,656,,,,,,,,,,
,71.700005,804,78.200005,648,,,,,,,,,,
,71.9,828,81.9,664,,,,,,,,,,
,71.700005,843,84.8,656,,,,,,,,,,
,71.700005,984,86.5,664,,,,,,,,,,
,71.700005,1039,87.700005,664,,,,,,,,,,
,72.200005,820,88.8,656,,,,,,,,,,
,72.8,757,89.3,664,,,,,,,,,,
,73.3,1046,90,656,,,,,,,,,,
,75.3,750,90.8,648,,,,,,,,,,
,75.5,789,91.3,648,,,,,,,,,,
,75.700005,1039,91.4,656,,,,,,,,,,
,77.3,742,91.8,648,,,,,,,,,,
,76.1,820,92,648,,,,,,,,,,
,76.1,1046,91.8,656,,,,,,,,,,
,77.1,757,91.4,664,,,,,,,,,,
,77.1,968,90.8,671,,,,,,,,,,
,77.5,765,90.4,671,,,,,,,,,,
,77.5,1054,90.4,664,,,,,,,,,,
,79,726,90.4,664,,,,,,,,,,
,79.1,757,90.700005,656,,,,,,,,,,
,79.1,1046,91.6,640,,,,,,,,,,
,79.1,1015,92.6,632,,,,,,,,,,
,79.1,898,94,617,,,,,,,,,,
,78.3,851,95.4,609,,,,,,,,,,
,76.8,820,96.3,609,,,,,,,,,,
,75.3,835,97.4,601,,,,,,,,,,
,73.6,859,98.5,593,,,,,,,,,,
,71.9,882,100.1,578,,,,,,,,,,
,71.3,859,101.700005,570,,,,,,,,,,
,70.5,875,103.200005,562,,,,,,,,,,
,70.3,859,104.3,562,,,,,,,,,,
,70.200005,1218,105.5,554,,,,,,,,,,
,71,757,106.3,554,,,,,,,,,,
,71.6,1078,105.5,578,,,,,,,,,,
,72.700005,742,105,578,,,,,,,,,,
,73.3,804,103.9,593,,,,,,,,,,
,73,914,101.9,617,,,,,,,,,,
,74.4,773,101.200005,640,,,,,,,,,,
,74.200005,1085,99.9,664,,,,,,,,,,
,74.700005,742,97.4,656,,,,,,,,,,
,75.6,773,95.6,656,,,,,,,,,,
,75.8,1062,95.1,640,,,,,,,,,,
,76,1085,94,656,,,,,,,,,,
,75.5,867,92.6,671,,,,,,,,,,
,73.4,875,90.700005,695,,,,,,,,,,
,73.1,1132,88.8,710,,,,,,,,,,
,72.1,937,86.9,726,,,,,,,,,,
,69.4,953,85.6,726,,,,,,,,,,
,67.8,937,84.4,734,,,,,,,,,,
,67.1,914,84.700005,703,,,,,,,,,,
,66,945,85.8,679,,,,,,,,,,
,65.9,914,86.6,679,,,,,,,,,,
,65.3,937,88.1,656,,,,,,,,,,
,65.8,898,89.1,656,,,,,,,,,,
,65,953,89.200005,671,,,,,,,,,,
,64.700005,937,89.6,664,,,,,,,,,,
,65.200005,906,89.8,664,,,,,,,,,,
,66,882,89.700005,671,,,,,,,,,,
,67.8,835,89.9,664,,,,,,,,,,
,68.4,859,89.4,679,,,,,,,,,,
,68.1,890,89.1,679,,,,,,,,,,
,68.1,1226,89.5,664,,,,,,,,,,
,67.200005,921,89.5,671,,,,,,,,,,
,68,789,89.5,671,,,,,,,,,,
,69.8,812,89.5,671,,,,,,,,,,
,70.200005,1101,89.5,671,,,,,,,,,,
,70.4,1062,89.200005,679,,,,,,,,,,
,69.9,875,88.3,695,,,,,,,,,,
,72,781,87.4,703,,,,,,,,,,
,71.8,843,87.4,687,,,,,,,,,,
,70.8,875,87.4,687,,,,,,,,,,
,70.3,867,86.8,703,,,,,,,,,,
,69.700005,953,86.1,710,,,,,,,,,,
,70.8,820,86.5,687,,,,,,,,,,
,70.5,1117,86.700005,687,,,,,,,,,,
,71.3,734,87.200005,679,,,,,,,,,,
,71.9,1117,87.9,671,,,,,,,,,,
,71.3,968,88.1,679,,,,,,,,,,
,69.3,929,88.5,671,,,,,,,,,,
,70.700005,812,88.1,687,,,,,,,,,,
,71.700005,812,87.3,703,,,,,,,,,,
,70.6,882,86.700005,703,,,,,,,,,,
,70.200005,867,85.8,718,,,,,,,,,,
,69.9,867,85.6,703,,,,,,,,,,
,70.3,843,85.8,695,,,,,,,,,,
,70.6,843,86.3,687,,,,,,,,,,
,70.6,851,86.9,679,,,,,,,,,,
,70.6,851,86.700005,695,,,,,,,,,,
,71,835,87.200005,679,,,,,,,,,,
,71,1125,87.6,679,,,,,,,,,,
,71,1062,88.1,671,,,,,,,,,,
,71,992,88.200005,679,,,,,,,,,,
,69.200005,921,88.3,679,,,,,,,,,,
,67.8,929,87.700005,695,,,,,,,,,,
,66.8,929,88.200005,671,,,,,,,,,,
,67,890,88.6,671,,,,,,,,,,
,66.3,929,88.8,671,,,,,,,,,,
,65.9,921,89.3,664,,,,,,,,,,
,65.9,625,89.6,664,,,,,,,,,,
,65.9,1093,89.8,664,,,,,,,,,,
,65.9,390,89.4,679,,,,,,,,,,
,65.9,546,89.1,679,,,,,,,,,,
,65.9,726,88.9,679,,,,,,,,,,
,65.700005,921,89.1,671,,,,,,,,,,
,66.4,820,89.5,664,,,,,,,,,,
,68.9,804,90.1,656,,,,,,,,,,
,71,789,90.9,648,,,,,,,,,,
,71.700005,820,91.4,648,,,,,,,,,,
,72.200005,820,92.1,640,,,,,,,,,,
,72.3,828,92.3,648,,,,,,,,,,
,72.200005,835,92.8,640,,,,,,,,,,
,72.3,828,93.1,640,,,,,,,,,,
,72,843,93.3,640,,,,,,,,,,
,71.3,859,92.8,656,,,,,,,,,,
,71.5,835,92.1,664,,,,,,,,,,
,70.8,937,91.9,656,,,,,,,,,,
,70.3,1148,91.8,656,,,,,,,,,,
,71.4,812,91.700005,656,,,,,,,,,,
,71.200005,1039,91.6,656,,,,,,,,,,
,72.9,781,91.6,656,,,,,,,,,,
,73.8,789,91.9,648,,,,,,,,,,
,73.700005,1070,91.8,656,,,,,,,,,,
,74.3,742,91.700005,656,,,,,,,,,,
,74.8,1054,91.6,656,,,,,,,,,,
,76.6,742,90.9,671,,,,,,,,,,
,76,875,91.1,656,,,,,,,,,,
,75.6,1054,91.6,648,,,,,,,,,,
,75.3,1062,93.3,617,,,,,,,,,,
,,,94.9,609,,,,,,,,,,
,,,96.8,593,,,,,,,,,,
,,,98.1,593,,,,,,,,,,
,,,99.8,578,,,,,,,,,,
,,,100.6,585,,,,,,,,,,
,,,101.200005,585,,,,,,,,,,
,,,100.8,601,,,,,,,,,,
,,,100.1,609,,,,,,,,,,
,,,99.200005,617,,,,,,,,,,
,,,99,609,,,,,,,,,,
,,,99,414,,,,,,,,,,
,,,99,757,,,,,,,,,,
,,,99.8,554,,,,,,,,,,
,,,101.9,562,,,,,,,,,,
,,,104.3,546,,,,,,,,,,
,,,106,546,,,,,,,,,,
,,,107.6,539,,,,,,,,,,
,,,,,,,,,,,,,,
,,,,,,,,,,,,,,
,,,,,,,,,,,,,,
,,,,,,,,,,,,,,
,,,,,,,,,,,,,,
,,,,,,,,,,,,,,
,,,,,,,,,,,,,,
,,,,,,,,,,,,,,
,,,,,,,,,,,,,,
,,,,,,,,,,,,,,
,,,,,,,,,,,,,,
,,,,,,,,,,,,,,
,,,,,,,,,,,,,,
,,,,,,,,,,,,,,
,,,,,,,,,,,,,,
,,,,,,,,,,,,,,
,,,,,,,,,,,,,,
,,,,,,,,,,,,,,
,,,,,,,,,,,,,,
,,,,,,,,,,,,,,
,,,,,,,,,,,,,,
,,,,,,,,,,,,,,
,,,,,,,,,,,,,,
,,,,,,,,,,,,,,
,,,,,,,,,,,,,,
,,,,,,,,,,,,,,
,,,,,,,,,,,,,,
,,,,,,,,,,,,,,
,,,,,,,,,,,,,,
,,,,,,,,,,,,,,
,,,,,,,,,,,,,,
,,,,,,,,,,,,,,
,,,,,,,,,,,,,,
,,,,,,,,,,,,,,
,,,,,,,,,,,,,,
,,,,,,,,,,,,,,
,,,,,,,,,,,,,,
,,,,,,,,,,,,,,
,,,,,,,,,,,,,,
,,,,,,,,,,,,,,
,,,,,,,,,,,,,,
,,,,,,,,,,,,,,
,,,,,,,,,,,,,,
,,,,,,,,,,,,,,
,,,,,,,,,,,,,,
,,,,,,,,,,,,,,
,,,,,,,,,,,,,,
,,,,,,,,,,,,,,
,,,,,,,,,,,,,,
,,,,,,,,,,,,,,
,,,,,,,,,,,,,,
,,,,,,,,,,,,,,
,,,,,,,,,,,,,,
,,,,,,,,,,,,,,
,,,,,,,,,,,,,,
,,,,,,,,,,,,,,
,,,,,,,,,,,,,,
,,,,,,,,,,,,,,
,,,,,,,,,,,,,,
,,,,,,,,,,,,,,
,,,,,,,,,,,,,,
,,,,,,,,,,,,,,
,,,,,,,,,,,,,,
,,,,,,,,,,,,,,
Oud-Oost,83.700005,781,77.3,742,120-140,140-180,6.5-8,>8,<3.8,<3.8,<7.8,7.8-11,18.5-25,18.5-25
,81.4,789,78.1,750,,,,,,,,,,
,80.200005,835,78.3,367,,,,,,,,,,
,78.5,804,78.4,343,,,,,,,,,,
,76.5,835,78.5,398,,,,,,,,,,
,74.9,843,78.6,343,,,,,,,,,,
,74.8,804,78.8,757,,,,,,,,,,
,74.1,828,79.200005,750,,,,,,,,,,
,74.3,804,80.5,718,,,,,,,,,,
,74.200005,812,80.9,734,,,,,,,,,,
,73.9,820,81.1,734,,,,,,,,,,
,74.5,789,81.3,734,,,,,,,,,,
,74.8,796,81.700005,726,,,,,,,,,,
,75.9,765,81.200005,750,,,,,,,,,,
,75.3,812,80.4,765,,,,,,,,,,
,75.8,781,79.8,765,,,,,,,,,,
,75.200005,812,79.9,750,,,,,,,,,,
,75.200005,281,79.700005,757,,,,,,,,,,
,75.200005,507,79.3,765,,,,,,,,,,
,74.4,828,79,765,,,,,,,,,,
,74.700005,796,79.3,750,,,,,,,,,,
,74.700005,804,78.8,773,,,,,,,,,,
,74.9,796,79,757,,,,,,,,,,
,76,765,79.6,742,,,,,,,,,,
,75.8,796,80,742,,,,,,,,,,
,75.9,789,79.5,765,,,,,,,,,,
,75.5,804,79.200005,765,,,,,,,,,,
,76.4,765,79.200005,757,,,,,,,,,,
,76.1,796,79.4,750,,,,,,,,,,
,76.3,781,79.9,742,,,,,,,,,,
,76.5,781,81,718,,,,,,,,,,
,76.6,781,82.6,695,,,,,,,,,,
,76.9,773,84.3,679,,,,,,,,,,
,76.4,796,85.8,671,,,,,,,,,,
,76.1,796,86.3,687,,,,,,,,,,
,75.4,812,86.3,328,,,,,,,,,,
,74.9,812,86.3,1804,,,,,,,,,,
,73.200005,867,86.3,2164,,,,,,,,,,
,71.8,875,84.700005,742,,,,,,,,,,
,70.3,898,84.9,703,,,,,,,,,,
,69.6,882,84.5,718,,,,,,,,,,
,69.3,875,85,695,,,,,,,,,,
,68.700005,890,85.1,703,,,,,,,,,,
,69.5,843,85.200005,703,,,,,,,,,,
,70.200005,835,85.5,695,,,,,,,,,,
,70.3,851,85.4,703,,,,,,,,,,
,71.4,812,85.1,710,,,,,,,,,,
,72.200005,812,84.9,710,,,,,,,,,,
,72.700005,812,85,703,,,,,,,,,,
,72.6,828,84.6,718,,,,,,,,,,
,73.4,796,83.5,742,,,,,,,,,,
,73.3,820,82.700005,742,,,,,,,,,,
,72.9,835,82.700005,726,,,,,,,,,,
,72.4,843,82.4,734,,,,,,,,,,
,73.1,804,81.700005,750,,,,,,,,,,
,73.1,820,81.200005,750,,,,,,,,,,
,72.9,828,80.6,757,,,,,,,,,,
,73,820,80.4,750,,,,,,,,,,
,72.5,843,80.1,757,,,,,,,,,,
,73.1,804,79.9,757,,,,,,,,,,
,72.9,828,79.700005,757,,,,,,,,,,
,73,820,79.8,750,,,,,,,,,,
,72.700005,835,80.1,742,,,,,,,,,,
,72.5,835,80.9,726,,,,,,,,,,
,72.1,843,81.1,734,,,,,,,,,,
,72.6,812,81.3,734,,,,,,,,,,
,72.4,835,80.9,750,,,,,,,,,,
,72.200005,835,81.1,734,,,,,,,,,,
,72.5,820,81.3,734,,,,,,,,,,
,72.5,828,80.4,765,,,,,,,,,,
,72.9,812,79.6,773,,,,,,,,,,
,73.700005,796,79.200005,765,,,,,,,,,,
,73.8,812,78.5,781,,,,,,,,,,
,73.200005,835,78.200005,773,,,,,,,,,,
,73.6,804,78.5,757,,,,,,,,,,
,74.6,781,79.5,734,,,,,,,,,,
,73.6,843,80.200005,734,,,,,,,,,,
,73.5,820,80.700005,734,,,,,,,,,,
,73.6,812,80.8,742,,,,,,,,,,
,74.1,796,81.1,734,,,,,,,,,,
,73.200005,843,81.3,734,,,,,,,,,,
,73.4,812,80.700005,757,,,,,,,,,,
,74,796,80.8,742,,,,,,,,,,
,73.4,835,81.1,734,,,,,,,,,,
,73.8,804,81.3,734,,,,,,,,,,
,74.3,796,82.3,710,,,,,,,,,,
,73.4,843,82.3,523,,,,,,,,,,
,74,796,82.3,265,,,,,,,,,,
,73.4,835,83,710,,,,,,,,,,
,72.5,851,82.6,734,,,,,,,,,,
,73.4,796,81.8,750,,,,,,,,,,
,73.3,820,81,757,,,,,,,,,,
,73.1,828,81,742,,,,,,,,,,
,73.1,820,80.200005,765,,,,,,,,,,
,72.700005,835,79.700005,765,,,,,,,,,,
,73.9,781,79.3,765,,,,,,,,,,
,73.9,546,79.5,750,,,,,,,,,,
,73.9,265,79.9,742,,,,,,,,,,
,73.9,812,79.700005,757,,,,,,,,,,
,74.4,796,79.6,757,,,,,,,,,,
,74.200005,812,79.700005,750,,,,,,,,,,
,73.5,835,79.8,750,,,,,,,,,,
,74.3,789,79.9,750,,,,,,,,,,
,74.3,281,79.4,765,,,,,,,,,,
,74.3,554,78.9,773,,,,,,,,,,
,74,820,78.5,773,,,,,,,,,,
,74.4,796,79.200005,742,,,,,,,,,,
,73.8,828,79.200005,757,,,,,,,,,,
,73.8,484,79,765,,,,,,,,,,
,73.8,320,78.6,773,,,,,,,,,,
,73.8,289,78.8,757,,,,,,,,,,
,73.8,507,78.8,257,,,,,,,,,,
,73.8,812,78.8,507,,,,,,,,,,
,73.4,828,78.4,773,,,,,,,,,,
,73.4,546,77.9,781,,,,,,,,,,
,73.4,296,77.3,789,,,,,,,,,,
,74.200005,789,78.1,750,,,,,,,,,,
,74.200005,390,78.5,757,,,,,,,,,,
,74.200005,492,78.200005,773,,,,,,,,,,
,73.1,851,78.3,765,,,,,,,,,,
,72.700005,835,78.8,750,,,,,,,,,,
,72.5,835,79,757,,,,,,,,,,
,71.9,851,79.1,757,,,,,,,,,,
,71.5,851,78.6,773,,,,,,,,,,
,72,820,78.5,765,,,,,,,,,,
,72,679,78.700005,757,,,,,,,,,,
,72,406,78.6,765,,,,,,,,,,
,72,593,78.1,781,,,,,,,,,,
,72,671,77.9,773,,,,,,,,,,
,72,1023,77.3,789,,,,,,,,,,
,73.200005,789,77.6,765,,,,,,,,,,
,73.200005,265,77.6,773,,,,,,,,,,
,73.200005,554,77.6,773,,,,,,,,,,
,73.200005,820,77.8,765,,,,,,,,,,
,73.6,804,78.5,750,,,,,,,,,,
,73.5,820,79,750,,,,,,,,,,
,73.6,812,79.3,750,,,,,,,,,,
,72.9,843,79.3,757,,,,,,,,,,
,71.6,875,79.5,750,,,,,,,,,,
,71.700005,835,79.700005,750,,,,,,,,,,
,72.6,804,80.1,742,,,,,,,,,,
,72.4,835,80.9,726,,,,,,,,,,
,72.9,812,81.4,726,,,,,,,,,,
,73.200005,812,81.5,734,,,,,,,,,,
,72.200005,859,81.6,734,,,,,,,,,,
,71.9,843,81.9,726,,,,,,,,,,
,73,796,82.4,718,,,,,,,,,,
,72.700005,835,81.9,742,,,,,,,,,,
,72.200005,843,82.700005,710,,,,,,,,,,
,72.700005,812,82.700005,320,,,,,,,,,,
,73.1,812,82.700005,468,,,,,,,,,,
,73.6,804,84.1,687,,,,,,,,,,
,73.5,820,83.4,734,,,,,,,,,,
,73.6,812,83.4,523,,,,,,,,,,
,73.5,820,83.4,906,,,,,,,,,,
,,,,,,,,,,,,,,
,,,,,,,,,,,,,,
,,,,,,,,,,,,,,
,,,,,,,,,,,,,,
,,,,,,,,,,,,,,
,,,,,,,,,,,,,,
,,,,,,,,,,,,,,
,,,,,,,,,,,,,,
,,,,,,,,,,,,,,
,,,,,,,,,,,,,,
,,,,,,,,,,,,,,
,,,,,,,,,,,,,,
,,,,,,,,,,,,,,
,,,,,,,,,,,,,,
,,,,,,,,,,,,,,
,,,,,,,,,,,,,,
,,,,,,,,,,,,,,
,,,,,,,,,,,,,,
,,,,,,,,,,,,,,
,,,,,,,,,,,,,,
,,,,,,,,,,,,,,
,,,,,,,,,,,,,,
,,,,,,,,,,,,,,
,,,,,,,,,,,,,,
,,,,,,,,,,,,,,
,,,,,,,,,,,,,,
,,,,,,,,,,,,,,
,,,,,,,,,,,,,,
,,,,,,,,,,,,,,
,,,,,,,,,,,,,,
,,,,,,,,,,,,,,
,,,,,,,,,,,,,,
,,,,,,,,,,,,,,
,,,,,,,,,,,,,,
,,,,,,,,,,,,,,
,,,,,,,,,,,,,,
,,,,,,,,,,,,,,
,,,,,,,,,,,,,,
,,,,,,,,,,,,,,
,,,,,,,,,,,,,,
,,,,,,,,,,,,,,
,,,,,,,,,,,,,,
,,,,,,,,,,,,,,
,,,,,,,,,,,,,,
,,,,,,,,,,,,,,
,,,,,,,,,,,,,,
,,,,,,,,,,,,,,
,,,,,,,,,,,,,,
,,,,,,,,,,,,,,
,,,,,,,,,,,,,,
,,,,,,,,,,,,,,
,,,,,,,,,,,,,,
,,,,,,,,,,,,,,
,,,,,,,,,,,,,,
,,,,,,,,,,,,,,
,,,,,,,,,,,,,,
,,,,,,,,,,,,,,
,,,,,,,,,,,,,,
,,,,,,,,,,,,,,
"De Pijp, Rivierenbuurt",80,1000,64.5,882,<120,140-180,<5,<5,<3.8,<3.8,<7.8,<7.8,18.5-25,25-30
,80,921,64.200005,945,,,,,,,,,,
,80,960,64.200005,1312,,,,,,,,,,
,80,968,65.5,875,,,,,,,,,,
,80,968,65.5,671,,,,,,,,,,
,80,929,65.5,4960,,,,,,,,,,
,80,937,63.7,1007,,,,,,,,,,
,80,953,62.3,1015,,,,,,,,,,
,80,921,61.5,1007,,,,,,,,,,
,80,890,60.4,1039,,,,,,,,,,
,80,906,59.3,1054,,,,,,,,,,
,78.700005,914,58.5,1062,,,,,,,,,,
,76.8,921,57.4,1093,,,,,,,,,,
,74.200005,882,56.600002,1093,,,,,,,,,,
,71.8,906,56.4,1070,,,,,,,,,,
,69.6,929,56.9,1031,,,,,,,,,,
,68.4,914,57.100002,1039,,,,,,,,,,
,68.1,890,56.8,1070,,,,,,,,,,
,67.5,906,56.3,1085,,,,,,,,,,
,66.8,921,56.4,1062,,,,,,,,,,
,66,937,56.8,1039,,,,,,,,,,
,65.6,929,57.2,1031,,,,,,,,,,
,65.1,937,57.100002,1054,,,,,,,,,,
,64.8,937,57.3,1039,,,,,,,,,,
,64.4,945,57.3,1046,,,,,,,,,,
,64.9,906,57.100002,1062,,,,,,,,,,
,65,921,56.7,1078,,,,,,,,,,
,65.200005,914,56.9,1046,,,,,,,,,,
,64.200005,968,56.7,1070,,,,,,,,,,
,64,945,56.2,1093,,,,,,,,,,
,64.3,921,55.8,1093,,,,,,,,,,
,64.200005,937,55.4,1101,,,,,,,,,,
,64,945,55.4,1085,,,,,,,,,,
,63.7,953,55.5,1078,,,,,,,,,,
,64,929,56.3,1031,,,,,,,,,,
,64.5,914,58.2,960,,,,,,,,,,
,64.3,937,58.4,1023,,,,,,,,,,
,63.9,953,57.9,1054,,,,,,,,,,
,62.9,992,57.100002,1085,,,,,,,,,,
,62.600002,968,56.7,1078,,,,,,,,,,
,62.100002,984,56.5,1070,,,,,,,,,,
,62.5,945,56.100002,1085,,,,,,,,,,
,62.7,953,55.9,1085,,,,,,,,,,
,62.600002,960,56.100002,1062,,,,,,,,,,
,62.4,968,56.2,1062,,,,,,,,,,
,63.5,906,56,1078,,,,,,,,,,
,64.5,898,56.4,1046,,,,,,,,,,
,64.8,914,56.2,1078,,,,,,,,,,
,65.200005,906,55.9,1085,,,,,,,,,,
,65.3,914,55.8,1078,,,,,,,,,,
,65.8,898,55.5,1093,,,,,,,,,,
,66.6,875,55.3,1093,,,,,,,,,,
,67,882,55.100002,1101,,,,,,,,,,
,66.9,898,55.2,1085,,,,,,,,,,
,66.5,914,55.4,1078,,,,,,,,,,
,65.9,929,55.600002,1070,,,,,,,,,,
,65.8,914,55.3,1101,,,,,,,,,,
,65,953,55.7,1062,,,,,,,,,,
,63.8,984,56.100002,1054,,,,,,,,,,
,62.8,992,56.3,1054,,,,,,,,,,
,62.600002,968,56.2,1070,,,,,,,,,,
,62.7,953,55.9,1085,,,,,,,,,,
,63.3,929,56,1070,,,,,,,,,,
,63.7,929,56,1070,,,,,,,,,,
,64.1,921,56.2,1062,,,,,,,,,,
,64.1,937,56.2,1070,,,,,,,,,,
,65.1,890,55.9,1085,,,,,,,,,,
,66.3,867,55.7,1085,,,,,,,,,,
,68,835,55.600002,1085,,,,,,,,,,
,68.8,851,55.100002,1109,,,,,,,,,,
,68,906,55.2,1085,,,,,,,,,,
,67.5,906,55.100002,1093,,,,,,,,,,
,66.9,914,55.3,1078,,,,,,,,,,
,66.9,898,55.3,1085,,,,,,,,,,
,66.5,914,55.2,1093,,,,,,,,,,
,65.9,929,55.2,1085,,,,,,,,,,
,65.5,929,55.2,1085,,,,,,,,,,
,65.200005,929,55.2,1085,,,,,,,,,,
,64.700005,945,55.4,1078,,,,,,,,,,
,64.3,945,55.2,1093,,,,,,,,,,
,64.1,945,55.100002,1093,,,,,,,,,,
,64.1,937,54.9,1101,,,,,,,,,,
,63.9,945,54.7,1109,,,,,,,,,,
,63.9,937,54.600002,1101,,,,,,,,,,
,63.9,937,54.7,1093,,,,,,,,,,
,64.6,906,54.600002,1101,,,,,,,,,,
,65.3,898,54.600002,1101,,,,,,,,,,
,65.6,906,55.3,1054,,,,,,,,,,
,65.4,921,57,984,,,,,,,,,,
,65.200005,929,57,1054,,,,,,,,,,
,65.5,906,56.8,1062,,,,,,,,,,
,65.200005,929,56.5,1078,,,,,,,,,,
,65,929,55.9,1101,,,,,,,,,,
,64.5,945,55.8,1078,,,,,,,,,,
,65.200005,898,55.600002,1085,,,,,,,,,,
,65.200005,921,55.9,1062,,,,,,,,,,
,65,929,56,1070,,,,,,,,,,
,64.5,945,56.2,1062,,,,,,,,,,
,64.3,937,56.2,1070,,,,,,,,,,
,64.9,906,56,1078,,,,,,,,,,
,64.6,937,55.9,1078,,,,,,,,,,
,64.3,945,56,1070,,,,,,,,,,
,64.700005,914,55.9,1078,,,,,,,,,,
,64.8,921,55.5,1101,,,,,,,,,,
,65.200005,906,55.2,1101,,,,,,,,,,
,65.3,914,55.2,1085,,,,,,,,,,
,65.4,914,55.2,1085,,,,,,,,,,
,65.6,906,55.2,1085,,,,,,,,,,
,64.8,953,,,,,,,,,,,,
,64.700005,929,,,,,,,,,,,,
,64.3,945,,,,,,,,,,,,
,64.4,929,,,,,,,,,,,,
,64.8,914,,,,,,,,,,,,
,64.9,921,,,,,,,,,,,,
,65,921,,,,,,,,,,,,
,65,921,,,,,,,,,,,,
,65.4,906,,,,,,,,,,,,
,66.200005,882,,,,,,,,,,,,
,66.4,898,,,,,,,,,,,,
,66.5,898,,,,,,,,,,,,
,66.6,898,,,,,,,,,,,,
,67,882,,,,,,,,,,,,
,67.3,882,,,,,,,,,,,,
,67.1,898,,,,,,,,,,,,
,66.5,921,,,,,,,,,,,,
,66.1,921,,,,,,,,,,,,
,66.5,890,,,,,,,,,,,,
,66.200005,914,,,,,,,,,,,,
,66.4,898,,,,,,,,,,,,
,,,,,,,,,,,,,,
,,,,,,,,,,,,,,
,,,,,,,,,,,,,,
,,,,,,,,,,,,,,
,,,,,,,,,,,,,,
,,,,,,,,,,,,,,
,,,,,,,,,,,,,,
,,,,,,,,,,,,,,
,,,,,,,,,,,,,,
,,,,,,,,,,,,,,
,,,,,,,,,,,,,,
,,,,,,,,,,,,,,
,,,,,,,,,,,,,,
,,,,,,,,,,,,,,
,,,,,,,,,,,,,,
,,,,,,,,,,,,,,
,,,,,,,,,,,,,,
,,,,,,,,,,,,,,
,,,,,,,,,,,,,,
,,,,,,,,,,,,,,
,,,,,,,,,,,,,,
,,,,,,,,,,,,,,
,,,,,,,,,,,,,,
,,,,,,,,,,,,,,
,,,,,,,,,,,,,,
,,,,,,,,,,,,,,
,,,,,,,,,,,,,,
,,,,,,,,,,,,,,
,,,,,,,,,,,,,,
,,,,,,,,,,,,,,
,,,,,,,,,,,,,,
,,,,,,,,,,,,,,
,,,,,,,,,,,,,,
,,,,,,,,,,,,,,
,,,,,,,,,,,,,,
,,,,,,,,,,,,,,
,,,,,,,,,,,,,,
,,,,,,,,,,,,,,
,,,,,,,,,,,,,,
,,,,,,,,,,,,,,
,,,,,,,,,,,,,,
,,,,,,,,,,,,,,
,,,,,,,,,,,,,,
,,,,,,,,,,,,,,
,,,,,,,,,,,,,,
,,,,,,,,,,,,,,
,,,,,,,,,,,,,,
,,,,,,,,,,,,,,
,,,,,,,,,,,,,,
,,,,,,,,,,,,,,
,,,,,,,,,,,,,,
,,,,,,,,,,,,,,
,,,,,,,,,,,,,,
,,,,,,,,,,,,,,
,,,,,,,,,,,,,,
,,,,,,,,,,,,,,
,,,,,,,,,,,,,,
,,,,,,,,,,,,,,
,,,,,,,,,,,,,,
,,,,,,,,,,,,,,
,,,,,,,,,,,,,,
,,,,,,,,,,,,,,
,,,,,,,,,,,,,,
,,,,,,,,,,,,,,
,,,,,,,,,,,,,,
,,,,,,,,,,,,,,
,,,,,,,,,,,,,,
,,,,,,,,,,,,,,
,,,,,,,,,,,,,,
,,,,,,,,,,,,,,
,,,,,,,,,,,,,,
,,,,,,,,,,,,,,
,,,,,,,,,,,,,,
,,,,,,,,,,,,,,
,,,,,,,,,,,,,,
,,,,,,,,,,,,,,
,,,,,,,,,,,,,,
,,,,,,,,,,,,,,
,,,,,,,,,,,,,,
,,,,,,,,,,,,,,
,,,,,,,,,,,,,,
,,,,,,,,,,,,,,
,,,,,,,,,,,,,,
,,,,,,,,,,,,,,
,,,,,,,,,,,,,,
Watergraafsmeer,48.4,12726,39.600002,1648,<120,<120,<5,<5,>3.8,<3.8,7.8-11,<7.8,18.5-25,18.5-25
,48.4,3445,39.600002,554,,,,,,,,,,
,48.4,3273,38.4,1687,,,,,,,,,,
,48.4,7796,38.4,585,,,,,,,,,,
,48.4,5234,38.4,562,,,,,,,,,,
,48.4,1671,38.4,562,,,,,,,,,,
,48.4,2406,38.4,546,,,,,,,,,,
,48.4,3492,38.4,570,,,,,,,,,,
,48.4,3445,38.4,585,,,,,,,,,,
,48.4,796,38.4,578,,,,,,,,,,
,48.4,7445,38.4,570,,,,,,,,,,
,47.7,1460,44.4,570,,,,,,,,,,
,46.600002,1539,53.100002,554,,,,,,,,,,
,45.8,820,59.2,593,,,,,,,,,,
,45.8,2671,66.200005,578,,,,,,,,,,
,45.8,3343,73,578,,,,,,,,,,
,45.3,843,79.4,562,,,,,,,,,,
,44.9,796,85.5,601,,,,,,,,,,
,44.9,6593,89.5,570,,,,,,,,,,
,44.600002,835,93,562,,,,,,,,,,
,44.600002,2484,96.200005,578,,,,,,,,,,
,44.4,875,97.3,601,,,,,,,,,,
,44.4,2617,98.5,679,,,,,,,,,,
,44.3,843,99.3,492,,,,,,,,,,
,44.3,2578,100.3,585,,,,,,,,,,
,44.3,3554,102.3,562,,,,,,,,,,
,44.3,2703,100.8,617,,,,,,,,,,
,44.2,820,101.3,585,,,,,,,,,,
,43.4,1679,101.3,593,,,,,,,,,,
,42.8,804,103,562,,,,,,,,,,
,42.8,3562,103.1,257,,,,,,,,,,
,,,103.1,945,,,,,,,,,,
,,,102.5,625,,,,,,,,,,
,,,102,523,,,,,,,,,,
,,,101.3,601,,,,,,,,,,
,,,100.5,609,,,,,,,,,,
,,,100.3,601,,,,,,,,,,
,,,100.6,593,,,,,,,,,,
,,,100.8,593,,,,,,,,,,
,,,100.5,601,,,,,,,,,,
,,,100.3,601,,,,,,,,,,
,,,100.1,601,,,,,,,,,,
,,,100,601,,,,,,,,,,
,,,99.9,601,,,,,,,,,,
,,,100.3,593,,,,,,,,,,
,,,100.1,601,,,,,,,,,,
,,,100,601,,,,,,,,,,
,,,100.8,585,,,,,,,,,,
,,,99.4,625,,,,,,,,,,
,,,99.5,601,,,,,,,,,,
,,,100,593,,,,,,,,,,
,,,100.8,585,,,,,,,,,,
,,,101.3,585,,,,,,,,,,
,,,101.700005,585,,,,,,,,,,
,,,101.5,593,,,,,,,,,,
,,,101,601,,,,,,,,,,
,,,100.6,601,,,,,,,,,,
,,,100.4,601,,,,,,,,,,
,,,100.6,593,,,,,,,,,,
,,,100.8,593,,,,,,,,,,
,,,100.5,601,,,,,,,,,,
,,,100.3,601,,,,,,,,,,
,,,100.1,601,,,,,,,,,,
,,,99.6,609,,,,,,,,,,
,,,99.3,609,,,,,,,,,,
,,,99.9,593,,,,,,,,,,
,,,99.5,609,,,,,,,,,,
,,,99.6,601,,,,,,,,,,
,,,99.3,609,,,,,,,,,,
,,,99.9,593,,,,,,,,,,
,,,100.3,593,,,,,,,,,,
,,,100.6,593,,,,,,,,,,
,,,100.8,593,,,,,,,,,,
,,,100.9,593,,,,,,,,,,
,,,101,593,,,,,,,,,,
,,,100.6,601,,,,,,,,,,
,,,100.4,601,,,,,,,,,,
,,,100.6,593,,,,,,,,,,
,,,100.8,593,,,,,,,,,,
,,,100.9,593,,,,,,,,,,
,,,100.6,601,,,,,,,,,,
,,,100.4,601,,,,,,,,,,
,,,100.200005,601,,,,,,,,,,
,,,99.700005,609,,,,,,,,,,
,,,99.3,609,,,,,,,,,,
,,,99.5,601,,,,,,,,,,
,,,99.6,601,,,,,,,,,,
,,,100.5,585,,,,,,,,,,
,,,98.8,632,,,,,,,,,,
,,,98.700005,609,,,,,,,,,,
,,,98.6,609,,,,,,,,,,
,,,99,601,,,,,,,,,,
,,,98.8,609,,,,,,,,,,
,,,98.700005,609,,,,,,,,,,
,,,99,601,,,,,,,,,,
,,,98.8,609,,,,,,,,,,
,,,99.1,601,,,,,,,,,,
,,,99.700005,593,,,,,,,,,,
,,,100.200005,593,,,,,,,,,,
,,,100.9,585,,,,,,,,,,
,,,101.8,578,,,,,,,,,,
,,,102,585,,,,,,,,,,
,,,101.8,593,,,,,,,,,,
,,,101.6,593,,,,,,,,,,
,,,101.5,593,,,,,,,,,,
,,,101,601,,,,,,,,,,
,,,101.1,593,,,,,,,,,,
,,,101.1,593,,,,,,,,,,
,,,101.1,593,,,,,,,,,,
,,,101.1,593,,,,,,,,,,
,,,101.1,593,,,,,,,,,,
,,,101.1,593,,,,,,,,,,
,,,100.700005,601,,,,,,,,,,
,,,101.3,585,,,,,,,,,,
,,,101.3,593,,,,,,,,,,
,,,101.3,593,,,,,,,,,,
,,,100.8,601,,,,,,,,,,
,,,100.9,593,,,,,,,,,,
,,,100.200005,609,,,,,,,,,,
,,,100.1,601,,,,,,,,,,
,,,99.6,609,,,,,,,,,,
,,,100.1,593,,,,,,,,,,
,,,100.4,593,,,,,,,,,,
,,,100.6,593,,,,,,,,,,
,,,100.8,593,,,,,,,,,,
,,,100.9,593,,,,,,,,,,
,,,101,593,,,,,,,,,,
,,,101.1,593,,,,,,,,,,
,,,101.6,585,,,,,,,,,,
,,,102.3,578,,,,,,,,,,
,,,102,593,,,,,,,,,,
,,,100.6,617,,,,,,,,,,
,,,100.4,601,,,,,,,,,,
,,,100.6,593,,,,,,,,,,
,,,101.200005,585,,,,,,,,,,
,,,101.200005,593,,,,,,,,,,
,,,101.6,585,,,,,,,,,,
,,,101.5,593,,,,,,,,,,
,,,101.4,593,,,,,,,,,,
,,,101.3,593,,,,,,,,,,
,,,100.8,601,,,,,,,,,,
,,,100.5,601,,,,,,,,,,
,,,100.700005,593,,,,,,,,,,
,,,101.3,585,,,,,,,,,,
,,,101.3,593,,,,,,,,,,
,,,101.3,593,,,,,,,,,,
,,,100.8,601,,,,,,,,,,
,,,100.9,593,,,,,,,,,,
,,,101,593,,,,,,,,,,
,,,100.6,601,,,,,,,,,,
,,,100.8,593,,,,,,,,,,
,,,102.200005,570,,,,,,,,,,
,,,100.700005,617,,,,,,,,,,
,,,100.9,593,,,,,,,,,,
,,,100.6,601,,,,,,,,,,
,,,101.200005,585,,,,,,,,,,
,,,101.6,585,,,,,,,,,,
,,,102.700005,570,,,,,,,,,,
,,,103,578,,,,,,,,,,
,,,103.700005,570,,,,,,,,,,
,,,104.6,562,,,,,,,,,,
,,,102.8,609,,,,,,,,,,
,,,102.3,593,,,,,,,,,,
,,,103.200005,570,,,,,,,,,,
,,,101.4,617,,,,,,,,,,
,,,100.9,601,,,,,,,,,,
,,,100.6,601,,,,,,,,,,
,,,100.4,601,,,,,,,,,,
,,,100.6,593,,,,,,,,,,
,,,101.6,578,,,,,,,,,,
,,,99.9,625,,,,,,,,,,
,,,99.9,601,,,,,,,,,,
,,,99.9,601,,,,,,,,,,
,,,99.9,601,,,,,,,,,,
,,,100.3,593,,,,,,,,,,
,,,99.8,609,,,,,,,,,,
,,,99.8,601,,,,,,,,,,
,,,99.4,609,,,,,,,,,,
,,,99.5,601,,,,,,,,,,
,,,99.6,601,,,,,,,,,,
,,,100.1,593,,,,,,,,,,
,,,100.9,585,,,,,,,,,,
,,,99.4,625,,,,,,,,,,
,,,99.5,601,,,,,,,,,,
,,,99.200005,609,,,,,,,,,,
,,,99.4,601,,,,,,,,,,
,,,99.1,609,,,,,,,,,,
,,,101,570,,,,,,,,,,
,,,101.1,593,,,,,,,,,,
,,,99.9,617,,,,,,,,,,
,,,100.3,593,,,,,,,,,,
,,,100.1,601,,,,,,,,,,
,,,100,601,,,,,,,,,,
,,,100.4,593,,,,,,,,,,
,,,101.9,570,,,,,,,,,,
,,,100.1,625,,,,,,,,,,
,,,100,601,,,,,,,,,,
,,,101.1,578,,,,,,,,,,
,,,99.9,617,,,,,,,,,,
,,,99.9,601,,,,,,,,,,
,,,100.3,593,,,,,,,,,,
,,,,,,,,,,,,,,
,,,,,,,,,,,,,,
,,,,,,,,,,,,,,
,,,,,,,,,,,,,,
,,,,,,,,,,,,,,
,,,,,,,,,,,,,,
,,,,,,,,,,,,,,
,,,,,,,,,,,,,,
,,,,,,,,,,,,,,
,,,,,,,,,,,,,,
,,,,,,,,,,,,,,
,,,,,,,,,,,,,,
,,,,,,,,,,,,,,
"Indische Buurt, Oostelijk Havengebied",101.5,757,101.5,757,<120,140-180,5-6.5,<5,>3.8,>3.8,<7.8,<7.8,18.5-25,18.5-25
,101.5,765,101.5,773,,,,,,,,,,
,101.5,804,101.5,773,,,,,,,,,,
,101.5,750,101.5,765,,,,,,,,,,
,101.5,750,101.5,789,,,,,,,,,,
,101.5,31750,101.5,781,,,,,,,,,,
,101.5,9390,101.5,796,,,,,,,,,,
,101.5,1820,99.5,757,,,,,,,,,,
,101.5,2734,96.5,773,,,,,,,,,,
,101.5,8265,93.6,750,,,,,,,,,,
,101.5,24460,90.6,781,,,,,,,,,,
,101.5,22046,87.9,734,,,,,,,,,,
,101.5,14132,85,765,,,,,,,,,,
,,,83.3,757,,,,,,,,,,
,,,82.1,757,,,,,,,,,,
,,,80.700005,773,,,,,,,,,,
,,,79.8,773,,,,,,,,,,
,,,78.700005,789,,,,,,,,,,
,,,76.4,843,,,,,,,,,,
,,,78.3,726,,,,,,,,,,
,,,77.8,781,,,,,,,,,,
,,,77.3,789,,,,,,,,,,
,,,76.9,789,,,,,,,,,,
,,,77.1,773,,,,,,,,,,
,,,77.5,765,,,,,,,,,,
,,,77,789,,,,,,,,,,
,,,77.4,765,,,,,,,,,,
,,,77,789,,,,,,,,,,
,,,77.4,765,,,,,,,,,,
,,,78,757,,,,,,,,,,
,,,78.6,750,,,,,,,,,,
,,,78.8,757,,,,,,,,,,
,,,78.700005,765,,,,,,,,,,
,,,78.1,781,,,,,,,,,,
,,,76.8,812,,,,,,,,,,
,,,76.4,796,,,,,,,,,,
,,,75.4,820,,,,,,,,,,
,,,75.200005,804,,,,,,,,,,
,,,75,804,,,,,,,,,,
,,,76,765,,,,,,,,,,
,,,77.5,742,,,,,,,,,,
,,,77.8,765,,,,,,,,,,
,,,79.200005,726,,,,,,,,,,
,,,79.200005,757,,,,,,,,,,
,,,79.4,750,,,,,,,,,,
,,,80.9,710,,,,,,,,,,
,,,81.1,734,,,,,,,,,,
,,,80.8,750,,,,,,,,,,
,,,79.8,773,,,,,,,,,,
,,,79.4,765,,,,,,,,,,
,,,78.6,781,,,,,,,,,,
,,,78.3,773,,,,,,,,,,
,,,78.3,765,,,,,,,,,,
,,,77.200005,804,,,,,,,,,,
,,,76.700005,796,,,,,,,,,,
,,,76.700005,781,,,,,,,,,,
,,,75.9,812,,,,,,,,,,
,,,75.700005,796,,,,,,,,,,
,,,74.700005,828,,,,,,,,,,
,,,74.700005,804,,,,,,,,,,
,,,75.1,789,,,,,,,,,,
,,,75.9,773,,,,,,,,,,
,,,76.200005,781,,,,,,,,,,
,,,76.4,781,,,,,,,,,,
,,,76.1,796,,,,,,,,,,
,,,76.3,781,,,,,,,,,,
,,,76.700005,773,,,,,,,,,,
,,,76.700005,781,,,,,,,,,,
,,,76.3,796,,,,,,,,,,
,,,75.6,812,,,,,,,,,,
,,,74.5,835,,,,,,,,,,
,,,74.5,804,,,,,,,,,,
,,,73.5,843,,,,,,,,,,
,,,73.8,804,,,,,,,,,,
,,,73.200005,835,,,,,,,,,,
,,,73.4,812,,,,,,,,,,
,,,74.4,781,,,,,,,,,,
,,,75.4,773,,,,,,,,,,
,,,76.6,757,,,,,,,,,,
,,,76.9,773,,,,,,,,,,
,,,76.9,781,,,,,,,,,,
,,,77.4,765,,,,,,,,,,
,,,77,789,,,,,,,,,,
,,,77.200005,773,,,,,,,,,,
,,,76.4,804,,,,,,,,,,
,,,76.4,648,,,,,,,,,,
,,,76.4,976,,,,,,,,,,
,,,76.3,789,,,,,,,,,,
,,,76.9,765,,,,,,,,,,
,,,77.4,765,,,,,,,,,,
,,,78,757,,,,,,,,,,
,,,77.9,773,,,,,,,,,,
,,,77.3,789,,,,,,,,,,
,,,77.1,781,,,,,,,,,,
,,,77.8,757,,,,,,,,,,
,,,79,734,,,,,,,,,,
,,,79.8,734,,,,,,,,,,
,,,80.5,687,,,,,,,,,,
,,,80.9,734,,,,,,,,,,
,,,80.4,757,,,,,,,,,,
,,,80.6,742,,,,,,,,,,
,,,80.200005,757,,,,,,,,,,
,,,79.9,757,,,,,,,,,,
,,,78.700005,789,,,,,,,,,,
,,,77.5,804,,,,,,,,,,
,,,76.200005,820,,,,,,,,,,
,,,75.700005,804,,,,,,,,,,
,,,74.6,835,,,,,,,,,,
,,,74.8,796,,,,,,,,,,
,,,75.200005,789,,,,,,,,,,
,,,75.3,796,,,,,,,,,,
,,,75.3,796,,,,,,,,,,
,,,75.1,804,,,,,,,,,,
,,,74.700005,812,,,,,,,,,,
,,,74.5,812,,,,,,,,,,
,,,74.5,804,,,,,,,,,,
,,,74.3,812,,,,,,,,,,
,,,74.4,804,,,,,,,,,,
,,,74.700005,796,,,,,,,,,,
,,,75.6,773,,,,,,,,,,
,,,76.4,765,,,,,,,,,,
,,,76.1,796,,,,,,,,,,
,,,76.1,789,,,,,,,,,,
,,,74.8,835,,,,,,,,,,
,,,73.1,867,,,,,,,,,,
,,,73.1,820,,,,,,,,,,
,,,73.6,804,,,,,,,,,,
,,,73.6,562,,,,,,,,,,
,,,73.6,281,,,,,,,,,,
,,,73.6,281,,,,,,,,,,
,,,73.6,429,,,,,,,,,,
,,,73.6,562,,,,,,,,,,
,,,73.6,312,,,,,,,,,,
,,,75.3,757,,,,,,,,,,
,,,76.200005,765,,,,,,,,,,
,,,76,796,,,,,,,,,,
,,,76,789,,,,,,,,,,
,,,76,304,,,,,,,,,,
,,,76,492,,,,,,,,,,
,,,74.1,859,,,,,,,,,,
,,,73.200005,843,,,,,,,,,,
,,,72.200005,859,,,,,,,,,,
,,,71.700005,851,,,,,,,,,,
,,,71.5,843,,,,,,,,,,
,,,70.6,875,,,,,,,,,,
,,,70.6,421,,,,,,,,,,
,,,70.6,382,,,,,,,,,,
,,,70.6,632,,,,,,,,,,
,,,70.6,257,,,,,,,,,,
,,,71.4,757,,,,,,,,,,
,,,74,750,,,,,,,,,,
,,,74.4,796,,,,,,,,,,
,,,75.9,757,,,,,,,,,,
,,,76.200005,781,,,,,,,,,,
,,,77.6,742,,,,,,,,,,
,,,76.9,867,,,,,,,,,,
,,,76.200005,804,,,,,,,,,,
,,,76,796,,,,,,,,,,
,,,75.8,320,,,,,,,,,,
,,,,,,,,,,,,,,
,,,,,,,,,,,,,,
,,,,,,,,,,,,,,
,,,,,,,,,,,,,,
,,,,,,,,,,,,,,
,,,,,,,,,,,,,,
,,,,,,,,,,,,,,
,,,,,,,,,,,,,,
,,,,,,,,,,,,,,
,,,,,,,,,,,,,,
,,,,,,,,,,,,,,
,,,,,,,,,,,,,,
,,,,,,,,,,,,,,
,,,,,,,,,,,,,,
,,,,,,,,,,,,,,
,,,,,,,,,,,,,,
,,,,,,,,,,,,,,
,,,,,,,,,,,,,,
,,,,,,,,,,,,,,
,,,,,,,,,,,,,,
,,,,,,,,,,,,,,
,,,,,,,,,,,,,,
,,,,,,,,,,,,,,
,,,,,,,,,,,,,,
,,,,,,,,,,,,,,
,,,,,,,,,,,,,,
,,,,,,,,,,,,,,
,,,,,,,,,,,,,,
,,,,,,,,,,,,,,
,,,,,,,,,,,,,,
,,,,,,,,,,,,,,
,,,,,,,,,,,,,,
,,,,,,,,,,,,,,
,,,,,,,,,,,,,,
,,,,,,,,,,,,,,
,,,,,,,,,,,,,,
,,,,,,,,,,,,,,
,,,,,,,,,,,,,,
,,,,,,,,,,,,,,
,,,,,,,,,,,,,,
,,,,,,,,,,,,,,
,,,,,,,,,,,,,,
,,,,,,,,,,,,,,
,,,,,,,,,,,,,,
,,,,,,,,,,,,,,
,,,,,,,,,,,,,,
,,,,,,,,,,,,,,
,,,,,,,,,,,,,,
,,,,,,,,,,,,,,
,,,,,,,,,,,,,,
,,,,,,,,,,,,,,
,,,,,,,,,,,,,,
,,,,,,,,,,,,,,
,,,,,,,,,,,,,,
,,,,,,,,,,,,,,
Oud-Noord,58.3,1039,57.8,7429,<120,120-140,<5,6.5-8,<3.8,<3.8,<7.8,7.8-11,25-30,18.5-25
,58.4,1023,57.5,1351,,,,,,,,,,
,58.3,1031,57.5,4046,,,,,,,,,,
,57.600002,1070,57.5,2687,,,,,,,,,,
,57.100002,1070,57.5,3367,,,,,,,,,,
,57.600002,1023,57.3,671,,,,,,,,,,
,57.8,1031,57.3,2023,,,,,,,,,,
,57.8,1039,57.2,679,,,,,,,,,,
,57.3,1070,57.100002,1367,,,,,,,,,,
,57.3,578,57.100002,9179,,,,,,,,,,
,57.3,484,57.100002,2609,,,,,,,,,,
,57.3,585,57.100002,3320,,,,,,,,,,
,57.3,546,57,1351,,,,,,,,,,
,56.7,1085,57,1335,,,,,,,,,,
,56.8,1054,57,671,,,,,,,,,,
,57,1046,57,671,,,,,,,,,,
,57.9,1000,57,671,,,,,,,,,,
,57.9,828,57,679,,,,,,,,,,
,57.9,257,57,2687,,,,,,,,,,
,57.5,1062,57,671,,,,,,,,,,
,56.7,1093,57,671,,,,,,,,,,
,56.600002,1062,57,2015,,,,,,,,,,
,56.600002,1062,57,671,,,,,,,,,,
,57.100002,1031,57,679,,,,,,,,,,
,57.4,1031,57,687,,,,,,,,,,
,56.8,1085,57,671,,,,,,,,,,
,56.600002,1070,57,671,,,,,,,,,,
,56.4,1070,57,671,,,,,,,,,,
,57.100002,1023,59.9,671,,,,,,,,,,
,58.100002,992,63.9,679,,,,,,,,,,
,58.3,1023,68.3,664,,,,,,,,,,
,59.100002,984,72.200005,679,,,,,,,,,,
,58.3,1062,75,1351,,,,,,,,,,
,58,1046,77.9,648,,,,,,,,,,
,57.7,1054,80,1367,,,,,,,,,,
,57.3,1062,82.5,679,,,,,,,,,,
,57.600002,1031,84.6,671,,,,,,,,,,
,58.2,1007,86,671,,,,,,,,,,
,58.4,1023,86.5,1343,,,,,,,,,,
,58.600002,1015,87.1,679,,,,,,,,,,
,58.3,1039,,,,,,,,,,,,
,58.3,1031,,,,,,,,,,,,
,59,992,,,,,,,,,,,,
,59.3,1000,,,,,,,,,,,,
,60.100002,968,,,,,,,,,,,,
,59.5,1031,,,,,,,,,,,,
,59.4,1015,,,,,,,,,,,,
,59.5,1007,,,,,,,,,,,,
,60,984,,,,,,,,,,,,
,60.9,953,,,,,,,,,,,,
,61.8,937,,,,,,,,,,,,
,61.7,976,,,,,,,,,,,,
,60.4,1046,,,,,,,,,,,,
,59.3,1054,,,,,,,,,,,,
,58.5,1062,,,,,,,,,,,,
,59,1000,,,,,,,,,,,,
,59.600002,984,,,,,,,,,,,,
,59.9,992,,,,,,,,,,,,
,58.9,1062,,,,,,,,,,,,
,57.9,1078,,,,,,,,,,,,
,57.5,1062,,,,,,,,,,,,
,57.9,1023,,,,,,,,,,,,
,59.3,960,,,,,,,,,,,,
,60.9,929,,,,,,,,,,,,
,60.8,992,,,,,,,,,,,,
,59.600002,1054,,,,,,,,,,,,
,59.7,1000,,,,,,,,,,,,
,61.7,906,,,,,,,,,,,,
,63.600002,882,,,,,,,,,,,,
,63.3,960,,,,,,,,,,,,
,62.600002,984,,,,,,,,,,,,
,60.8,1062,,,,,,,,,,,,
,59.4,1070,,,,,,,,,,,,
,58.4,1070,,,,,,,,,,,,
,58.600002,1015,,,,,,,,,,,,
,58.9,1007,,,,,,,,,,,,
,58.8,1023,,,,,,,,,,,,
,58.8,1023,,,,,,,,,,,,
,57.5,1101,,,,,,,,,,,,
,56.7,1093,,,,,,,,,,,,
,56.8,1054,,,,,,,,,,,,
,56.7,1062,,,,,,,,,,,,
,56.600002,1062,,,,,,,,,,,,
,56.100002,1093,,,,,,,,,,,,
,56.100002,1070,,,,,,,,,,,,
,56.600002,1039,,,,,,,,,,,,
,56.7,1054,,,,,,,,,,,,
,58.100002,976,,,,,,,,,,,,
,57.9,1046,,,,,,,,,,,,
,58,1031,,,,,,,,,,,,
,57.2,1085,,,,,,,,,,,,
,56.3,1109,,,,,,,,,,,,
,56.4,1062,,,,,,,,,,,,
,56.9,1031,,,,,,,,,,,,
,57.600002,1015,,,,,,,,,,,,
,58.3,1000,,,,,,,,,,,,
,58.100002,1039,,,,,,,,,,,,
,57.4,1078,,,,,,,,,,,,
,57,1070,,,,,,,,,,,,
,56.5,1085,,,,,,,,,,,,
,56.9,1039,,,,,,,,,,,,
,57.100002,1039,,,,,,,,,,,,
,58.4,976,,,,,,,,,,,,
,58.5,1023,,,,,,,,,,,,
,57.7,1078,,,,,,,,,,,,
,57.2,1070,,,,,,,,,,,,
,57.3,1046,,,,,,,,,,,,
,57.7,1023,,,,,,,,,,,,
,59,968,,,,,,,,,,,,
,59.5,992,,,,,,,,,,,,
,59.100002,1031,,,,,,,,,,,,
,58.3,1062,,,,,,,,,,,,
,57.600002,1070,,,,,,,,,,,,
,57.600002,1039,,,,,,,,,,,,
,57.5,1046,,,,,,,,,,,,
,58,1015,,,,,,,,,,,,
,57.7,1054,,,,,,,,,,,,
,56.7,1101,,,,,,,,,,,,
,,,,,,,,,,,,,,
,,,,,,,,,,,,,,
,,,,,,,,,,,,,,
,,,,,,,,,,,,,,
,,,,,,,,,,,,,,
,,,,,,,,,,,,,,
,,,,,,,,,,,,,,
,,,,,,,,,,,,,,
,,,,,,,,,,,,,,
,,,,,,,,,,,,,,
,,,,,,,,,,,,,,
,,,,,,,,,,,,,,
,,,,,,,,,,,,,,
,,,,,,,,,,,,,,
,,,,,,,,,,,,,,
,,,,,,,,,,,,,,
,,,,,,,,,,,,,,
,,,,,,,,,,,,,,
,,,,,,,,,,,,,,
,,,,,,,,,,,,,,
,,,,,,,,,,,,,,
,,,,,,,,,,,,,,
,,,,,,,,,,,,,,
,,,,,,,,,,,,,,
,,,,,,,,,,,,,,
,,,,,,,,,,,,,,
,,,,,,,,,,,,,,
,,,,,,,,,,,,,,
,,,,,,,,,,,,,,
,,,,,,,,,,,,,,
,,,,,,,,,,,,,,
,,,,,,,,,,,,,,
,,,,,,,,,,,,,,
,,,,,,,,,,,,,,
,,,,,,,,,,,,,,
,,,,,,,,,,,,,,
,,,,,,,,,,,,,,
,,,,,,,,,,,,,,
,,,,,,,,,,,,,,
,,,,,,,,,,,,,,
,,,,,,,,,,,,,,
,,,,,,,,,,,,,,
,,,,,,,,,,,,,,
,,,,,,,,,,,,,,
,,,,,,,,,,,,,,
,,,,,,,,,,,,,,
,,,,,,,,,,,,,,
,,,,,,,,,,,,,,
,,,,,,,,,,,,,,
,,,,,,,,,,,,,,
,,,,,,,,,,,,,,
,,,,,,,,,,,,,,
,,,,,,,,,,,,,,
,,,,,,,,,,,,,,
,,,,,,,,,,,,,,
,,,,,,,,,,,,,,
,,,,,,,,,,,,,,
,,,,,,,,,,,,,,
,,,,,,,,,,,,,,
,,,,,,,,,,,,,,
,,,,,,,,,,,,,,
,,,,,,,,,,,,,,
,,,,,,,,,,,,,,
,,,,,,,,,,,,,,
,,,,,,,,,,,,,,
,,,,,,,,,,,,,,
,,,,,,,,,,,,,,
,,,,,,,,,,,,,,
,,,,,,,,,,,,,,
,,,,,,,,,,,,,,
,,,,,,,,,,,,,,
,,,,,,,,,,,,,,
,,,,,,,,,,,,,,
,,,,,,,,,,,,,,
,,,,,,,,,,,,,,
,,,,,,,,,,,,,,
,,,,,,,,,,,,,,
,,,,,,,,,,,,,,
,,,,,,,,,,,,,,
,,,,,,,,,,,,,,
,,,,,,,,,,,,,,
,,,,,,,,,,,,,,
,,,,,,,,,,,,,,
,,,,,,,,,,,,,,
,,,,,,,,,,,,,,
,,,,,,,,,,,,,,
,,,,,,,,,,,,,,
,,,,,,,,,,,,,,
,,,,,,,,,,,,,,
,,,,,,,,,,,,,,
,,,,,,,,,,,,,,
,,,,,,,,,,,,,,
,,,,,,,,,,,,,,
,,,,,,,,,,,,,,
,,,,,,,,,,,,,,
,,,,,,,,,,,,,,
Noord-West,104.700005,312,82.8,734,<120,<120,<5,<5,<3.8,<3.8,7.8-11,7.8-11,18.5-25,18.5-25
,104.9,570,83.9,695,,,,,,,,,,
,104.200005,585,82.200005,765,,,,,,,,,,
,104.5,570,82.9,710,,,,,,,,,,
,105.6,554,81.8,757,,,,,,,,,,
,107.3,539,82.6,710,,,,,,,,,,
,108,523,81.6,757,,,,,,,,,,
,109,539,81.9,726,,,,,,,,,,
,108.3,562,82.700005,710,,,,,,,,,,
,106.9,578,82.700005,726,,,,,,,,,,
,106.4,570,82.700005,726,,,,,,,,,,
,106.1,570,83,718,,,,,,,,,,
,105.9,570,83.5,710,,,,,,,,,,
,105.3,578,83.8,710,,,,,,,,,,
,104.5,585,82.9,742,,,,,,,,,,
,104.3,578,83.9,695,,,,,,,,,,
,105.1,562,83.5,726,,,,,,,,,,
,105.200005,570,82.200005,757,,,,,,,,,,
,105.200005,570,82.3,726,,,,,,,,,,
,104.8,578,83.5,695,,,,,,,,,,
,104.1,585,82.200005,757,,,,,,,,,,
,104,578,82,734,,,,,,,,,,
,104.8,562,82.8,710,,,,,,,,,,
,104.5,578,83.6,703,,,,,,,,,,
,102.700005,609,83.9,710,,,,,,,,,,
,101.8,648,82.700005,750,,,,,,,,,,
,99.4,640,83.200005,710,,,,,,,,,,
,99.8,562,83.8,703,,,,,,,,,,
,100.700005,554,82.200005,765,,,,,,,,,,
,103,554,81.8,742,,,,,,,,,,
,103.700005,570,83.200005,695,,,,,,,,,,
,102.9,593,83.6,710,,,,,,,,,,
,102.4,593,82.8,742,,,,,,,,,,
,102.8,578,83.3,710,,,,,,,,,,
,103.6,570,82.6,742,,,,,,,,,,
,103.3,585,84,687,,,,,,,,,,
,101.5,617,84.200005,710,,,,,,,,,,
,101.5,679,83.200005,742,,,,,,,,,,
,100.5,664,84.4,687,,,,,,,,,,
,101.1,585,84.700005,703,,,,,,,,,,
,101.4,554,83.6,742,,,,,,,,,,
,103,562,83.3,726,,,,,,,,,,
,103.700005,570,83.4,718,,,,,,,,,,
,103.700005,578,83.200005,726,,,,,,,,,,
,103.4,585,83.3,718,,,,,,,,,,
,103.5,578,83.700005,710,,,,,,,,,,
,104.5,562,83.1,734,,,,,,,,,,
,106.1,546,83.8,703,,,,,,,,,,
,106.3,562,84,710,,,,,,,,,,
,105.5,578,84.700005,695,,,,,,,,,,
,104.6,585,84.9,703,,,,,,,,,,
,103.200005,601,84.8,710,,,,,,,,,,
,103.8,570,83.9,734,,,,,,,,,,
,104.700005,562,82.700005,750,,,,,,,,,,
,104.9,570,83.5,703,,,,,,,,,,
,104.200005,585,83.5,718,,,,,,,,,,
,104.1,578,83.5,718,,,,,,,,,,
,104.5,570,83,734,,,,,,,,,,
,105.200005,562,83.200005,718,,,,,,,,,,
,106.6,546,83.6,710,,,,,,,,,,
,108,539,82.5,750,,,,,,,,,,
,108.6,546,82.8,718,,,,,,,,,,
,109,546,83,718,,,,,,,,,,
,109.3,546,83.200005,718,,,,,,,,,,
,108.5,562,83,726,,,,,,,,,,
,108,562,83.200005,718,,,,,,,,,,
,108.1,554,84.8,679,,,,,,,,,,
,107.700005,562,85.6,687,,,,,,,,,,
,106.5,578,85,718,,,,,,,,,,
,104.9,593,85.4,695,,,,,,,,,,
,103.8,593,85.4,1125,,,,,,,,,,
,104.3,570,85.4,3226,,,,,,,,,,
,105.1,562,85.4,2140,,,,,,,,,,
,105.200005,570,85.1,710,,,,,,,,,,
,105.200005,570,83.4,757,,,,,,,,,,
,104.8,578,82.4,750,,,,,,,,,,
,105,570,83,710,,,,,,,,,,
,105.5,562,82.4,742,,,,,,,,,,
,106.8,546,81.700005,750,,,,,,,,,,
,107.700005,546,80.700005,765,,,,,,,,,,
,107.9,554,81.6,718,,,,,,,,,,
,107.6,562,82.200005,718,,,,,,,,,,
,107.4,562,81.5,750,,,,,,,,,,
,107.700005,554,81.6,734,,,,,,,,,,
,107.4,562,81.6,734,,,,,,,,,,
,106.8,570,82.5,710,,,,,,,,,,
,105.5,585,82.5,726,,,,,,,,,,
,103.4,609,82,742,,,,,,,,,,
,102.700005,625,82.8,710,,,,,,,,,,
,103.5,570,82.700005,726,,,,,,,,,,
,103.9,546,80.9,781,,,,,,,,,,
,104.8,562,81.700005,718,,,,,,,,,,
,104.5,578,83.1,695,,,,,,,,,,
,102.700005,609,84.4,687,,,,,,,,,,
,102,632,86.200005,664,,,,,,,,,,
,100.9,609,87.5,664,,,,,,,,,,
,101.4,585,87.4,687,,,,,,,,,,
,102.1,578,86,726,,,,,,,,,,
,102.6,578,85,726,,,,,,,,,,
,101.8,601,85.1,703,,,,,,,,,,
,100.1,625,85.5,695,,,,,,,,,,
,99.6,609,83.8,750,,,,,,,,,,
,99.700005,601,83.4,726,,,,,,,,,,
,98.9,617,82.9,734,,,,,,,,,,
,98.4,617,83.4,710,,,,,,,,,,
,98.8,601,84,703,,,,,,,,,,
,100.3,578,82.8,750,,,,,,,,,,
,101.8,570,81.200005,773,,,,,,,,,,
,102.4,578,81.6,726,,,,,,,,,,
,102.5,585,81.4,742,,,,,,,,,,
,101.700005,601,80.8,757,,,,,,,,,,
,102.3,578,80.6,750,,,,,,,,,,
,103.700005,562,81.200005,726,,,,,,,,,,
,104.6,562,82.200005,710,,,,,,,,,,
,104.8,570,82,734,,,,,,,,,,
,104.5,578,80.700005,773,,,,,,,,,,
,104.700005,570,80.8,742,,,,,,,,,,
,105.8,554,81.1,734,,,,,,,,,,
,106.6,554,82.4,703,,,,,,,,,,
,106.700005,562,82.8,718,,,,,,,,,,
,106.3,570,82.700005,726,,,,,,,,,,
,105.200005,585,82.700005,726,,,,,,,,,,
,105.700005,562,83,718,,,,,,,,,,
,106,562,83.700005,703,,,,,,,,,,
,106.200005,562,82.6,750,,,,,,,,,,
,106.4,562,82.3,734,,,,,,,,,,
,106.5,562,81.9,742,,,,,,,,,,
,106.1,570,81.6,742,,,,,,,,,,
,106.8,554,80.9,757,,,,,,,,,,
,107.700005,546,82,710,,,,,,,,,,
,108.4,546,82.200005,726,,,,,,,,,,
,107.5,570,82,734,,,,,,,,,,
,106.8,570,81.200005,757,,,,,,,,,,
,106.3,570,80.4,765,,,,,,,,,,
,106,570,81.1,726,,,,,,,,,,
,106.200005,562,82.1,710,,,,,,,,,,
,106.8,554,82.3,726,,,,,,,,,,
,106.8,562,83,710,,,,,,,,,,
,106.3,570,82.6,734,,,,,,,,,,
,106.5,562,84,687,,,,,,,,,,
,107,554,83.9,718,,,,,,,,,,
,107.4,554,83.200005,734,,,,,,,,,,
,108.200005,546,82.200005,750,,,,,,,,,,
,107.8,562,83.1,703,,,,,,,,,,
,107,570,83.3,718,,,,,,,,,,
,106,578,81.6,773,,,,,,,,,,
,105.3,578,81.9,726,,,,,,,,,,
,106.200005,554,81.6,742,,,,,,,,,,
,106.8,554,81.1,750,,,,,,,,,,
,107.700005,546,80.3,765,,,,,,,,,,
,107.4,562,80.200005,750,,,,,,,,,,
,106.8,570,80.700005,734,,,,,,,,,,
,106.3,570,80.5,750,,,,,,,,,,
,106.5,562,80.3,750,,,,,,,,,,
,106.6,562,80.5,742,,,,,,,,,,
,106.700005,562,82.5,687,,,,,,,,,,
,105.8,578,82.8,718,,,,,,,,,,
,105.200005,578,82.5,734,,,,,,,,,,
,106.1,554,,,,,,,,,,,,
,106.1,507,,,,,,,,,,,,
,106.8,554,,,,,,,,,,,,
,108.700005,531,,,,,,,,,,,,
,109.1,546,,,,,,,,,,,,
,108.4,562,,,,,,,,,,,,
,107,578,,,,,,,,,,,,
,106,578,,,,,,,,,,,,
,105.3,578,,,,,,,,,,,,
,105.8,562,,,,,,,,,,,,
,106.1,562,,,,,,,,,,,,
,106.8,554,,,,,,,,,,,,
,106.8,562,,,,,,,,,,,,
,105.9,578,,,,,,,,,,,,
,105.3,578,,,,,,,,,,,,
,105.8,562,,,,,,,,,,,,
,106.1,562,,,,,,,,,,,,
,106.8,554,,,,,,,,,,,,
,106.8,562,,,,,,,,,,,,
,105.9,578,,,,,,,,,,,,
,105.3,578,,,,,,,,,,,,
,105.3,570,,,,,,,,,,,,
,106.200005,554,,,,,,,,,,,,
,106.8,554,,,,,,,,,,,,
,107.3,554,,,,,,,,,,,,
,107.1,562,,,,,,,,,,,,
,107,562,,,,,,,,,,,,
,107.9,546,,,,,,,,,,,,
,108.5,546,,,,,,,,,,,,
,108,562,,,,,,,,,,,,
,107.200005,570,,,,,,,,,,,,
,106.200005,578,,,,,,,,,,,,
,105.9,570,,,,,,,,,,,,
,106.6,554,,,,,,,,,,,,
,107.1,554,,,,,,,,,,,,
,107.9,546,,,,,,,,,,,,
,108,554,,,,,,,,,,,,
,108.6,546,,,,,,,,,,,,
,109.4,539,,,,,,,,,,,,
,110.5,531,,,,,,,,,,,,
,110.3,546,,,,,,,,,,,,
,110.200005,546,,,,,,,,,,,,
,109.200005,562,,,,,,,,,,,,
,108.9,554,,,,,,,,,,,,
,109.6,539,,,,,,,,,,,,
,110.1,539,,,,,,,,,,,,
,110,546,,,,,,,,,,,,
,110,546,,,,,,,,,,,,
,110,546,,,,,,,,,,,,
,111.4,523,,,,,,,,,,,,
,112.4,523,,,,,,,,,,,,
,112.1,539,,,,,,,,,,,,
,112.4,531,,,,,,,,,,,,
,112.1,539,,,,,,,,,,,,
,,,,,,,,,,,,,,
,,,,,,,,,,,,,,
Noord-Oost,80.3,27015,82,734,<120,<120,5-6.5,<5,<3.8,<3.8,<7.8,<7.8,25-30,18.5-25
,80.3,33101,80.4,781,,,,,,,,,,
,80.3,17945,80.1,757,,,,,,,,,,
,82.1,695,80.9,726,,,,,,,,,,
,82.3,726,81.1,734,,,,,,,,,,
,82.4,726,81.1,460,,,,,,,,,,
,82.200005,734,81.1,367,,,,,,,,,,
,82.6,718,80.3,835,,,,,,,,,,
,82.9,718,78.4,812,,,,,,,,,,
,83.4,710,76.8,820,,,,,,,,,,
,82.9,734,78,742,,,,,,,,,,
,82.5,734,77.8,1039,,,,,,,,,,
,82.3,734,77.700005,414,,,,,,,,,,
,81.4,757,77.6,257,,,,,,,,,,
,79.8,789,77.5,328,,,,,,,,,,
,80.4,734,77.5,265,,,,,,,,,,
,81.4,718,77.5,312,,,,,,,,,,
,82.3,710,77.5,304,,,,,,,,,,
,81.6,750,77.5,1078,,,,,,,,,,
,79.9,789,77.5,429,,,,,,,,,,
,79.9,750,77.5,406,,,,,,,,,,
,79.200005,773,77.5,492,,,,,,,,,,
,79.700005,742,77.5,609,,,,,,,,,,
,80.3,734,77.5,281,,,,,,,,,,
,81,726,77.5,265,,,,,,,,,,
,80.5,757,78.5,742,,,,,,,,,,
,79.6,773,77.1,812,,,,,,,,,,
,78.5,789,76.6,796,,,,,,,,,,
,79.5,734,76.9,773,,,,,,,,,,
,,,76.4,796,,,,,,,,,,
,,,76.8,773,,,,,,,,,,
,,,76.8,781,,,,,,,,,,
,,,76.8,367,,,,,,,,,,
,,,76.8,382,,,,,,,,,,
,,,77.3,765,,,,,,,,,,
,,,77.3,343,,,,,,,,,,
,,,77.3,421,,,,,,,,,,
,,,77.9,757,,,,,,,,,,
,,,77.6,781,,,,,,,,,,
,,,76.9,796,,,,,,,,,,
,,,76.4,796,,,,,,,,,,
,,,76.1,796,,,,,,,,,,
,,,75.6,804,,,,,,,,,,
,,,74.9,820,,,,,,,,,,
,,,74.6,812,,,,,,,,,,
,,,74.4,812,,,,,,,,,,
,,,74.200005,812,,,,,,,,,,
,,,73.3,843,,,,,,,,,,
,,,72.5,851,,,,,,,,,,
,,,72.9,812,,,,,,,,,,
,,,72.6,835,,,,,,,,,,
,,,72.4,835,,,,,,,,,,
,,,71.8,851,,,,,,,,,,
,,,72.200005,820,,,,,,,,,,
,,,72.3,828,,,,,,,,,,
,,,72,843,,,,,,,,,,
,,,72,835,,,,,,,,,,
,,,72.4,820,,,,,,,,,,
,,,73.1,804,,,,,,,,,,
,,,73.1,500,,,,,,,,,,
,,,73.1,320,,,,,,,,,,
,,,72.9,828,,,,,,,,,,
,,,72.9,1250,,,,,,,,,,
,,,72.9,367,,,,,,,,,,
,,,74.1,781,,,,,,,,,,
,,,74.5,796,,,,,,,,,,
,,,74.8,796,,,,,,,,,,
,,,75,796,,,,,,,,,,
,,,75.5,781,,,,,,,,,,
,,,75,812,,,,,,,,,,
,,,74.5,820,,,,,,,,,,
,,,74.1,820,,,,,,,,,,
,,,74.3,804,,,,,,,,,,
,,,74.200005,812,,,,,,,,,,
,,,73.700005,828,,,,,,,,,,
,,,73.5,820,,,,,,,,,,
,,,73.8,804,,,,,,,,,,
,,,74.5,789,,,,,,,,,,
,,,74.3,812,,,,,,,,,,
,,,74,820,,,,,,,,,,
,,,73.8,820,,,,,,,,,,
,,,74,804,,,,,,,,,,
,,,74.200005,804,,,,,,,,,,
,,,73.700005,828,,,,,,,,,,
,,,73.200005,835,,,,,,,,,,
,,,72.6,843,,,,,,,,,,
,,,72.8,820,,,,,,,,,,
,,,73.1,812,,,,,,,,,,
,,,73.1,820,,,,,,,,,,
,,,73.3,812,,,,,,,,,,
,,,73.5,812,,,,,,,,,,
,,,74.5,781,,,,,,,,,,
,,,74.8,796,,,,,,,,,,
,,,74.700005,804,,,,,,,,,,
,,,74.9,796,,,,,,,,,,
,,,75.200005,789,,,,,,,,,,
,,,75.3,796,,,,,,,,,,
,,,75.3,796,,,,,,,,,,
,,,75.8,781,,,,,,,,,,
,,,77.3,742,,,,,,,,,,
,,,77.9,757,,,,,,,,,,
,,,78.5,750,,,,,,,,,,
,,,78.5,765,,,,,,,,,,
,,,78.200005,773,,,,,,,,,,
,,,77.5,789,,,,,,,,,,
,,,78,757,,,,,,,,,,
,,,78.6,750,,,,,,,,,,
,,,78.5,765,,,,,,,,,,
,,,78.5,765,,,,,,,,,,
,,,78.5,765,,,,,,,,,,
,,,79.200005,742,,,,,,,,,,
,,,79.4,750,,,,,,,,,,
,,,79.1,765,,,,,,,,,,
,,,78.4,781,,,,,,,,,,
,,,78.700005,757,,,,,,,,,,
,,,78.6,765,,,,,,,,,,
,,,77.200005,812,,,,,,,,,,
,,,76,820,,,,,,,,,,
,,,75.200005,820,,,,,,,,,,
,,,75,804,,,,,,,,,,
,,,74.5,820,,,,,,,,,,
,,,73.700005,835,,,,,,,,,,
,,,73.5,820,,,,,,,,,,
,,,73.8,804,,,,,,,,,,
,,,75.200005,765,,,,,,,,,,
,,,75.700005,781,,,,,,,,,,
,,,75.6,796,,,,,,,,,,
,,,75.5,796,,,,,,,,,,
,,,75.9,781,,,,,,,,,,
,,,76.200005,781,,,,,,,,,,
,,,75.700005,804,,,,,,,,,,
,,,74.9,820,,,,,,,,,,
,,,74.200005,828,,,,,,,,,,
,,,74.700005,789,,,,,,,,,,
,,,76.6,742,,,,,,,,,,
,,,76.4,789,,,,,,,,,,
,,,76.1,796,,,,,,,,,,
,,,75.9,796,,,,,,,,,,
,,,76.200005,781,,,,,,,,,,
,,,77.1,757,,,,,,,,,,
,,,77.5,765,,,,,,,,,,
,,,76.6,804,,,,,,,,,,
,,,76.200005,796,,,,,,,,,,
,,,75.700005,804,,,,,,,,,,
,,,76.5,765,,,,,,,,,,
,,,76.8,773,,,,,,,,,,
,,,76.6,789,,,,,,,,,,
,,,75.8,812,,,,,,,,,,
,,,76.1,781,,,,,,,,,,
,,,76.8,765,,,,,,,,,,
,,,76.6,789,,,,,,,,,,
,,,76.200005,796,,,,,,,,,,
,,,76,796,,,,,,,,,,
,,,77.5,742,,,,,,,,,,
,,,78,757,,,,,,,,,,
,,,78.6,750,,,,,,,,,,
,,,79,750,,,,,,,,,,
,,,79.8,734,,,,,,,,,,
,,,80.4,734,,,,,,,,,,
,,,80.3,750,,,,,,,,,,
,,,80.200005,750,,,,,,,,,,
,,,,,,,,,,,,,,
,,,,,,,,,,,,,,
,,,,,,,,,,,,,,
,,,,,,,,,,,,,,
,,,,,,,,,,,,,,
,,,,,,,,,,,,,,
,,,,,,,,,,,,,,
,,,,,,,,,,,,,,
,,,,,,,,,,,,,,
,,,,,,,,,,,,,,
,,,,,,,,,,,,,,
,,,,,,,,,,,,,,
,,,,,,,,,,,,,,
,,,,,,,,,,,,,,
,,,,,,,,,,,,,,
,,,,,,,,,,,,,,
,,,,,,,,,,,,,,
,,,,,,,,,,,,,,
,,,,,,,,,,,,,,
,,,,,,,,,,,,,,
,,,,,,,,,,,,,,
,,,,,,,,,,,,,,
,,,,,,,,,,,,,,
,,,,,,,,,,,,,,
,,,,,,,,,,,,,,
,,,,,,,,,,,,,,
,,,,,,,,,,,,,,
,,,,,,,,,,,,,,
,,,,,,,,,,,,,,
,,,,,,,,,,,,,,
,,,,,,,,,,,,,,
,,,,,,,,,,,,,,
,,,,,,,,,,,,,,
,,,,,,,,,,,,,,
,,,,,,,,,,,,,,
,,,,,,,,,,,,,,
,,,,,,,,,,,,,,
,,,,,,,,,,,,,,
,,,,,,,,,,,,,,
,,,,,,,,,,,,,,
,,,,,,,,,,,,,,
,,,,,,,,,,,,,,
,,,,,,,,,,,,,,
,,,,,,,,,,,,,,
,,,,,,,,,,,,,,
,,,,,,,,,,,,,,
,,,,,,,,,,,,,,
,,,,,,,,,,,,,,
,,,,,,,,,,,,,,
,,,,,,,,,,,,,,
,,,,,,,,,,,,,,
,,,,,,,,,,,,,,
,,,,,,,,,,,,,,
"IJburg, Zeeburgereiland",82.200005,24828,64.8,984,<120,120-140,<5,<5,<3.8,>3.8,7.8-11,7.8-11,>30,18.5-25
,82.200005,4304,63,1023,,,,,,,,,,
,82.200005,265,63.8,914,,,,,,,,,,
,82.200005,578,63.8,2867,,,,,,,,,,
,82.200005,1367,63.600002,953,,,,,,,,,,
,82.200005,16273,63.9,929,,,,,,,,,,
,82.200005,1812,64.1,929,,,,,,,,,,
,82.200005,484,64.9,898,,,,,,,,,,
,82.200005,273,66.200005,867,,,,,,,,,,
,82.200005,359,67.5,851,,,,,,,,,,
,,,68.1,804,,,,,,,,,,
,,,69.3,773,,,,,,,,,,
,,,71.8,773,,,,,,,,,,
,,,71.4,851,,,,,,,,,,
,,,71.8,1109,,,,,,,,,,
,,,71,984,,,,,,,,,,
,,,68.9,937,,,,,,,,,,
,,,66.700005,976,,,,,,,,,,
,,,65.700005,1046,,,,,,,,,,
,,,64.1,992,,,,,,,,,,
,,,62.600002,1015,,,,,,,,,,
,,,62.600002,960,,,,,,,,,,
,,,63.5,914,,,,,,,,,,
,,,64,921,,,,,,,,,,
,,,65,890,,,,,,,,,,
,,,66.700005,851,,,,,,,,,,
,,,67.4,804,,,,,,,,,,
,,,69.4,812,,,,,,,,,,
,,,71.4,789,,,,,,,,,,
,,,72.4,804,,,,,,,,,,
,,,70.5,906,,,,,,,,,,
,,,69.9,953,,,,,,,,,,
,,,67.700005,960,,,,,,,,,,
,,,66.4,945,,,,,,,,,,
,,,66.9,882,,,,,,,,,,
,,,66.4,921,,,,,,,,,,
,,,66,921,,,,,,,,,,
,,,66.200005,898,,,,,,,,,,
,,,67.5,851,,,,,,,,,,
,,,68.6,843,,,,,,,,,,
,,,69.200005,851,,,,,,,,,,
,,,68,921,,,,,,,,,,
,,,67,929,,,,,,,,,,
,,,64.9,1000,,,,,,,,,,
,,,64.200005,1039,,,,,,,,,,
,,,63.100002,1085,,,,,,,,,,
,,,62.8,968,,,,,,,,,,
,,,63.5,921,,,,,,,,,,
,,,64.5,898,,,,,,,,,,
,,,65,906,,,,,,,,,,
,,,66.1,875,,,,,,,,,,
,,,67.6,843,,,,,,,,,,
,,,68.3,859,,,,,,,,,,
,,,67.700005,906,,,,,,,,,,
,,,66.6,937,,,,,,,,,,
,,,64.6,1000,,,,,,,,,,
,,,62.8,1023,,,,,,,,,,
,,,63.2,937,,,,,,,,,,
,,,62.4,992,,,,,,,,,,
,,,62.7,945,,,,,,,,,,
,,,63.8,906,,,,,,,,,,
,,,63.7,945,,,,,,,,,,
,,,64.5,906,,,,,,,,,,
,,,65.700005,875,,,,,,,,,,
,,,64.6,968,,,,,,,,,,
,,,64.3,945,,,,,,,,,,
,,,64.4,929,,,,,,,,,,
,,,64.1,945,,,,,,,,,,
,,,64.3,929,,,,,,,,,,
,,,64.5,921,,,,,,,,,,
,,,64.3,937,,,,,,,,,,
,,,64.9,906,,,,,,,,,,
,,,63.600002,992,,,,,,,,,,
,,,63.100002,968,,,,,,,,,,
,,,62.600002,976,,,,,,,,,,
,,,61.4,1023,,,,,,,,,,
,,,62.4,929,,,,,,,,,,
,,,62.4,960,,,,,,,,,,
,,,63.100002,929,,,,,,,,,,
,,,63.600002,929,,,,,,,,,,
,,,64.1,921,,,,,,,,,,
,,,65.6,867,,,,,,,,,,
,,,66.3,882,,,,,,,,,,
,,,67.200005,867,,,,,,,,,,
,,,67.6,875,,,,,,,,,,
,,,66.1,960,,,,,,,,,,
,,,65.4,1031,,,,,,,,,,
,,,63.9,992,,,,,,,,,,
,,,63.5,1171,,,,,,,,,,
,,,61.5,1054,,,,,,,,,,
,,,60.100002,1054,,,,,,,,,,
,,,59.4,1039,,,,,,,,,,
,,,59.9,984,,,,,,,,,,
,,,59.5,1023,,,,,,,,,,
,,,59.7,1000,,,,,,,,,,
,,,60.100002,984,,,,,,,,,,
,,,60.2,992,,,,,,,,,,
,,,60.9,960,,,,,,,,,,
,,,60.8,992,,,,,,,,,,
,,,60.7,992,,,,,,,,,,
,,,61.2,960,,,,,,,,,,
,,,60.600002,1015,,,,,,,,,,
,,,60.9,976,,,,,,,,,,
,,,60.9,984,,,,,,,,,,
,,,59.9,1039,,,,,,,,,,
,,,60.2,984,,,,,,,,,,
,,,60.100002,1000,,,,,,,,,,
,,,60.2,992,,,,,,,,,,
,,,61.2,945,,,,,,,,,,
,,,60.7,1007,,,,,,,,,,
,,,60.5,1000,,,,,,,,,,
,,,60.2,1007,,,,,,,,,,
,,,60,1007,,,,,,,,,,
,,,61.2,937,,,,,,,,,,
,,,61,992,,,,,,,,,,
,,,61.5,960,,,,,,,,,,
,,,61.8,960,,,,,,,,,,
,,,61.9,968,,,,,,,,,,
,,,63.2,906,,,,,,,,,,
,,,64.8,875,,,,,,,,,,
,,,64.9,921,,,,,,,,,,
,,,66,875,,,,,,,,,,
,,,67.1,859,,,,,,,,,,
,,,67.200005,890,,,,,,,,,,
,,,67.3,890,,,,,,,,,,
,,,67.3,890,,,,,,,,,,
,,,66.6,1000,,,,,,,,,,
,,,,,,,,,,,,,,
,,,,,,,,,,,,,,
,,,,,,,,,,,,,,
,,,,,,,,,,,,,,
,,,,,,,,,,,,,,
,,,,,,,,,,,,,,
,,,,,,,,,,,,,,
,,,,,,,,,,,,,,
,,,,,,,,,,,,,,
,,,,,,,,,,,,,,
,,,,,,,,,,,,,,
,,,,,,,,,,,,,,
,,,,,,,,,,,,,,
,,,,,,,,,,,,,,
,,,,,,,,,,,,,,
,,,,,,,,,,,,,,
,,,,,,,,,,,,,,
,,,,,,,,,,,,,,
,,,,,,,,,,,,,,
,,,,,,,,,,,,,,
,,,,,,,,,,,,,,
,,,,,,,,,,,,,,
,,,,,,,,,,,,,,
,,,,,,,,,,,,,,
,,,,,,,,,,,,,,
,,,,,,,,,,,,,,
,,,,,,,,,,,,,,
,,,,,,,,,,,,,,
,,,,,,,,,,,,,,
,,,,,,,,,,,,,,
,,,,,,,,,,,,,,
,,,,,,,,,,,,,,
,,,,,,,,,,,,,,
,,,,,,,,,,,,,,
,,,,,,,,,,,,,,
,,,,,,,,,,,,,,
,,,,,,,,,,,,,,
,,,,,,,,,,,,,,
,,,,,,,,,,,,,,
,,,,,,,,,,,,,,
,,,,,,,,,,,,,,
,,,,,,,,,,,,,,
,,,,,,,,,,,,,,
,,,,,,,,,,,,,,
,,,,,,,,,,,,,,
,,,,,,,,,,,,,,
,,,,,,,,,,,,,,
,,,,,,,,,,,,,,
,,,,,,,,,,,,,,
,,,,,,,,,,,,,,
,,,,,,,,,,,,,,
,,,,,,,,,,,,,,
,,,,,,,,,,,,,,
,,,,,,,,,,,,,,
,,,,,,,,,,,,,,
,,,,,,,,,,,,,,
,,,,,,,,,,,,,,
,,,,,,,,,,,,,,
,,,,,,,,,,,,,,
,,,,,,,,,,,,,,
,,,,,,,,,,,,,,
,,,,,,,,,,,,,,
,,,,,,,,,,,,,,
,,,,,,,,,,,,,,
,,,,,,,,,,,,,,
,,,,,,,,,,,,,,
,,,,,,,,,,,,,,
,,,,,,,,,,,,,,
,,,,,,,,,,,,,,
,,,,,,,,,,,,,,
,,,,,,,,,,,,,,
,,,,,,,,,,,,,,
,,,,,,,,,,,,,,
,,,,,,,,,,,,,,
,,,,,,,,,,,,,,
,,,,,,,,,,,,,,
,,,,,,,,,,,,,,
,,,,,,,,,,,,,,
,,,,,,,,,,,,,,
,,,,,,,,,,,,,,
,,,,,,,,,,,,,,
,,,,,,,,,,,,,,
,,,,,,,,,,,,,,
,,,,,,,,,,,,,,
,,,,,,,,,,,,,,
,,,,,,,,,,,,,,
,,,,,,,,,,,,,,
Bijlmer-Centrum,84.200005,843,68.5,890,<120,<120,5-6.5,<5,<3.8,>3.8,<7.8,<7.8,>30,18.5-25
,80.3,843,69.3,843,,,,,,,,,,
,77.4,851,69.3,625,,,,,,,,,,
,75.3,851,69.3,1164,,,,,,,,,,
,73.9,851,69.3,867,,,,,,,,,,
,72.5,867,68.9,882,,,,,,,,,,
,71.5,867,68.4,890,,,,,,,,,,
,71.4,843,68.4,617,,,,,,,,,,
,70.6,875,68.4,1187,,,,,,,,,,
,70,875,68.6,867,,,,,,,,,,
,69.6,875,69.200005,851,,,,,,,,,,
,69.5,867,69.4,859,,,,,,,,,,
,69.4,867,69.4,632,,,,,,,,,,
,69.200005,875,69.4,1125,,,,,,,,,,
,69.6,851,68.8,890,,,,,,,,,,
,69.700005,859,68.9,867,,,,,,,,,,
,69.5,867,68.4,890,,,,,,,,,,
,69.8,851,68.4,617,,,,,,,,,,
,70,851,68.4,1093,,,,,,,,,,
,70.4,843,69.200005,843,,,,,,,,,,
,70.6,843,71.200005,789,,,,,,,,,,
,70.6,851,72.9,781,,,,,,,,,,
,70.6,851,73.700005,796,,,,,,,,,,
,70.8,843,72.3,867,,,,,,,,,,
,70.9,843,72.3,617,,,,,,,,,,
,71,843,72.3,1101,,,,,,,,,,
,71.3,835,72,843,,,,,,,,,,
,71.5,835,72.200005,828,,,,,,,,,,
,71.4,843,70.4,906,,,,,,,,,,
,71.3,843,70.4,617,,,,,,,,,,
,71.3,843,70.4,1125,,,,,,,,,,
,71.5,835,70.6,843,,,,,,,,,,
,71.8,828,70.6,320,,,,,,,,,,
,72.200005,820,70.6,546,,,,,,,,,,
,72.9,804,70.6,851,,,,,,,,,,
,73,820,70.6,632,,,,,,,,,,
,73.700005,796,70.6,1140,,,,,,,,,,
,73.8,812,70.8,843,,,,,,,,,,
,73.4,828,69.8,890,,,,,,,,,,
,72.700005,843,68.5,914,,,,,,,,,,
,72,851,68.5,609,,,,,,,,,,
,71.8,843,68.5,1101,,,,,,,,,,
,71.200005,859,68.200005,890,,,,,,,,,,
,71.200005,843,68.1,882,,,,,,,,,,
,71.200005,843,68.1,523,,,,,,,,,,
,71,851,68.1,359,,,,,,,,,,
,71.3,835,68.1,625,,,,,,,,,,
,71.700005,828,68.1,1085,,,,,,,,,,
,72.200005,820,68.4,867,,,,,,,,,,
,72.5,820,68.5,875,,,,,,,,,,
,72.5,828,67.5,921,,,,,,,,,,
,72.3,835,67.5,609,,,,,,,,,,
,71.5,859,67.5,1156,,,,,,,,,,
,71,859,68.6,843,,,,,,,,,,
,70.5,867,68.6,875,,,,,,,,,,
,70.1,867,69,859,,,,,,,,,,
,69.6,875,69,648,,,,,,,,,,
,69.5,867,69,1093,,,,,,,,,,
,69.4,867,68.9,875,,,,,,,,,,
,69.200005,875,68.9,679,,,,,,,,,,
,69.8,843,68.9,1078,,,,,,,,,,
,69.4,875,68.9,632,,,,,,,,,,
,69.700005,851,68.9,1023,,,,,,,,,,
,69.700005,859,69,867,,,,,,,,,,
,69.700005,453,70.1,828,,,,,,,,,,
,69.700005,1226,71,820,,,,,,,,,,
,69.700005,859,70.8,851,,,,,,,,,,
,69.9,851,71.700005,812,,,,,,,,,,
,70.3,843,71.700005,640,,,,,,,,,,
,70.8,835,71.700005,1117,,,,,,,,,,
,70.9,843,70.9,867,,,,,,,,,,
,71,843,70.8,851,,,,,,,,,,
,70.8,851,70.700005,851,,,,,,,,,,
,70.3,867,70.6,851,,,,,,,,,,
,70,867,71.200005,828,,,,,,,,,,
,70.200005,851,71.6,828,,,,,,,,,,
,70.5,843,71.700005,835,,,,,,,,,,
,69.700005,882,71.700005,617,,,,,,,,,,
,69.9,851,71.700005,1031,,,,,,,,,,
,69.700005,867,71.8,835,,,,,,,,,,
,70.200005,843,71.200005,859,,,,,,,,,,
,69.4,890,71.6,828,,,,,,,,,,
,69.700005,851,72.1,820,,,,,,,,,,
,69.9,851,70.9,882,,,,,,,,,,
,70.1,851,70.9,640,,,,,,,,,,
,70,859,70.9,1039,,,,,,,,,,
,70.4,843,70.8,851,,,,,,,,,,
,70.9,835,69.4,906,,,,,,,,,,
,70.4,867,68,929,,,,,,,,,,
,70,867,68,664,,,,,,,,,,
,69.9,859,68,1101,,,,,,,,,,
,70.3,843,67.1,921,,,,,,,,,,
,69.8,875,66.5,921,,,,,,,,,,
,69.8,859,67.700005,851,,,,,,,,,,
,70,851,67.1,914,,,,,,,,,,
,70.6,835,66.200005,937,,,,,,,,,,
,70.4,859,66.200005,664,,,,,,,,,,
,70.6,843,66.200005,1093,,,,,,,,,,
,70.6,851,66.4,898,,,,,,,,,,
,71,835,68.4,820,,,,,,,,,,
,70.8,851,67.9,898,,,,,,,,,,
,71.3,828,67.6,898,,,,,,,,,,
,71.700005,828,67.9,875,,,,,,,,,,
,72.6,804,67.9,617,,,,,,,,,,
,73,812,67.9,1187,,,,,,,,,,
,73.700005,796,68.1,875,,,,,,,,,,
,72.9,843,69.200005,835,,,,,,,,,,
,73.4,804,69.200005,867,,,,,,,,,,
,72.5,851,69.200005,867,,,,,,,,,,
,72.3,835,68.700005,890,,,,,,,,,,
,72,843,68.700005,632,,,,,,,,,,
,71.8,843,68.700005,1164,,,,,,,,,,
,71.4,851,68.9,867,,,,,,,,,,
,71.6,835,69,867,,,,,,,,,,
,71.3,851,68.9,875,,,,,,,,,,
,71.700005,828,68.3,898,,,,,,,,,,
,71.1,859,68.8,859,,,,,,,,,,
,70.700005,859,68.8,632,,,,,,,,,,
,70.1,875,68.8,1156,,,,,,,,,,
,70.6,835,69.9,828,,,,,,,,,,
,69.6,890,69.5,875,,,,,,,,,,
,70.1,843,68.3,914,,,,,,,,,,
,69.5,882,68.3,718,,,,,,,,,,
,69.8,851,68.3,1039,,,,,,,,,,
,69.4,875,68.4,875,,,,,,,,,,
,69.700005,851,67.700005,906,,,,,,,,,,
,70.4,835,67.6,890,,,,,,,,,,
,70.4,851,67.6,679,,,,,,,,,,
,70.200005,859,67.6,1109,,,,,,,,,,
,71.5,804,67.700005,882,,,,,,,,,,
,71.6,835,67.8,882,,,,,,,,,,
,71.5,843,68.6,851,,,,,,,,,,
,71.200005,851,69.6,835,,,,,,,,,,
,70.6,867,69.9,851,,,,,,,,,,
,71.200005,828,70.700005,828,,,,,,,,,,
,70.8,859,69.5,898,,,,,,,,,,
,70.1,875,69.5,609,,,,,,,,,,
,70.4,843,69.5,1109,,,,,,,,,,
,70.9,835,69,882,,,,,,,,,,
,70.200005,875,,,,,,,,,,,,
,70.9,828,,,,,,,,,,,,
,70.8,851,,,,,,,,,,,,
,70.1,875,,,,,,,,,,,,
,70.4,843,,,,,,,,,,,,
,71,828,,,,,,,,,,,,
,70.6,859,,,,,,,,,,,,
,70.4,859,,,,,,,,,,,,
,70.6,843,,,,,,,,,,,,
,71,835,,,,,,,,,,,,
,71.9,812,,,,,,,,,,,,
,72.1,828,,,,,,,,,,,,
,71.4,859,,,,,,,,,,,,
,71.700005,828,,,,,,,,,,,,
,71.5,843,,,,,,,,,,,,
,,,,,,,,,,,,,,
,,,,,,,,,,,,,,
,,,,,,,,,,,,,,
,,,,,,,,,,,,,,
,,,,,,,,,,,,,,
,,,,,,,,,,,,,,
,,,,,,,,,,,,,,
,,,,,,,,,,,,,,
,,,,,,,,,,,,,,
,,,,,,,,,,,,,,
,,,,,,,,,,,,,,
,,,,,,,,,,,,,,
,,,,,,,,,,,,,,
,,,,,,,,,,,,,,
,,,,,,,,,,,,,,
,,,,,,,,,,,,,,
,,,,,,,,,,,,,,
,,,,,,,,,,,,,,
,,,,,,,,,,,,,,
,,,,,,,,,,,,,,
,,,,,,,,,,,,,,
,,,,,,,,,,,,,,
,,,,,,,,,,,,,,
,,,,,,,,,,,,,,
,,,,,,,,,,,,,,
,,,,,,,,,,,,,,
,,,,,,,,,,,,,,
,,,,,,,,,,,,,,
,,,,,,,,,,,,,,
,,,,,,,,,,,,,,
,,,,,,,,,,,,,,
,,,,,,,,,,,,,,
,,,,,,,,,,,,,,
,,,,,,,,,,,,,,
,,,,,,,,,,,,,,
,,,,,,,,,,,,,,
,,,,,,,,,,,,,,
,,,,,,,,,,,,,,
,,,,,,,,,,,,,,
,,,,,,,,,,,,,,
,,,,,,,,,,,,,,
,,,,,,,,,,,,,,
,,,,,,,,,,,,,,
,,,,,,,,,,,,,,
,,,,,,,,,,,,,,
,,,,,,,,,,,,,,
,,,,,,,,,,,,,,
,,,,,,,,,,,,,,
,,,,,,,,,,,,,,
,,,,,,,,,,,,,,
,,,,,,,,,,,,,,
,,,,,,,,,,,,,,
,,,,,,,,,,,,,,
,,,,,,,,,,,,,,
,,,,,,,,,,,,,,
,,,,,,,,,,,,,,
,,,,,,,,,,,,,,
,,,,,,,,,,,,,,
,,,,,,,,,,,,,,
,,,,,,,,,,,,,,
Bijlmer-West,71.5,1976,59.100002,992,140-180,<120,5-6.5,5-6.5,>3.8,<3.8,>11.1,<7.8,18.5-25,25-30
,71.5,1140,59.7,984,,,,,,,,,,
,71.5,710,60.100002,984,,,,,,,,,,
,71.5,406,61.100002,945,,,,,,,,,,
,72.3,742,61.100002,984,,,,,,,,,,
,72.9,1117,61.4,968,,,,,,,,,,
,73.3,671,61.4,976,,,,,,,,,,
,73.6,359,61.4,976,,,,,,,,,,
,73.8,976,61.3,984,,,,,,,,,,
,74,976,61.100002,992,,,,,,,,,,
,74.1,1015,62,937,,,,,,,,,,
,74.200005,976,61,1023,,,,,,,,,,
,74.200005,945,61.2,976,,,,,,,,,,
,74.200005,960,61.600002,960,,,,,,,,,,
,74.200005,1015,62.2,945,,,,,,,,,,
,74.200005,960,62.600002,945,,,,,,,,,,
,74.200005,1000,62.9,945,,,,,,,,,,
,74.200005,1023,63.2,937,,,,,,,,,,
,74.200005,1031,63.4,937,,,,,,,,,,
,74.200005,1054,63.8,929,,,,,,,,,,
,72.8,1031,63.7,945,,,,,,,,,,
,69.700005,960,63.600002,945,,,,,,,,,,
,67.700005,953,63.600002,945,,,,,,,,,,
,65.4,1000,63.4,953,,,,,,,,,,
,63.9,992,63,968,,,,,,,,,,
,62.9,992,62.8,960,,,,,,,,,,
,61.5,1031,62.600002,968,,,,,,,,,,
,60.8,1015,62.100002,984,,,,,,,,,,
,60.3,1015,63,921,,,,,,,,,,
,59.7,1031,61.4,1039,,,,,,,,,,
,59.9,992,61.3,984,,,,,,,,,,
,59.8,1007,61.2,984,,,,,,,,,,
,60,992,61.4,968,,,,,,,,,,
,59.9,1007,61.4,976,,,,,,,,,,
,60.4,976,61.100002,992,,,,,,,,,,
,60.9,968,60.8,1000,,,,,,,,,,
,60.9,984,60.7,992,,,,,,,,,,
,61.4,960,60.600002,992,,,,,,,,,,
,62,945,60.100002,1015,,,,,,,,,,
,62.2,960,60.100002,1000,,,,,,,,,,
,61.4,1007,59.9,1007,,,,,,,,,,
,60.3,1039,59.9,1000,,,,,,,,,,
,58.8,1085,60.100002,992,,,,,,,,,,
,58,1070,60.2,992,,,,,,,,,,
,58.600002,1000,60.3,992,,,,,,,,,,
,59.5,976,60.2,1000,,,,,,,,,,
,60,984,60.7,968,,,,,,,,,,
,60.2,992,60.8,984,,,,,,,,,,
,61,953,60.7,992,,,,,,,,,,
,61.600002,953,60.4,1007,,,,,,,,,,
,61.600002,976,60.4,992,,,,,,,,,,
,61.7,968,60.4,992,,,,,,,,,,
,62.100002,953,60.3,1000,,,,,,,,,,
,61.2,1015,60.5,984,,,,,,,,,,
,60.4,1023,60.7,984,,,,,,,,,,
,61,960,60.8,984,,,,,,,,,,
,61.8,945,60.7,992,,,,,,,,,,
,62.2,953,60.600002,992,,,,,,,,,,
,62.600002,945,60.600002,992,,,,,,,,,,
,63.9,898,60.100002,1015,,,,,,,,,,
,65,890,59.8,1015,,,,,,,,,,
,65,921,59.9,1000,,,,,,,,,,
,63.9,976,59.9,1000,,,,,,,,,,
,63.9,937,59.9,625,,,,,,,,,,
,63.3,968,58.4,1093,,,,,,,,,,
,61.9,1023,56.8,1132,,,,,,,,,,
,60.9,1023,57.5,1015,,,,,,,,,,
,61.5,953,58.3,1000,,,,,,,,,,
,61.3,984,58.7,1007,,,,,,,,,,
,61.2,984,58.8,1015,,,,,,,,,,
,61.3,976,58.8,1023,,,,,,,,,,
,61.3,406,58.5,1039,,,,,,,,,,
,61.3,515,59,1000,,,,,,,,,,
,61.3,351,58.4,1054,,,,,,,,,,
,61.3,539,58.100002,1046,,,,,,,,,,
,62,875,57.9,1046,,,,,,,,,,
,63.3,828,58.3,1015,,,,,,,,,,
,64.200005,421,58.4,1023,,,,,,,,,,
,64.8,609,58.3,1031,,,,,,,,,,
,65.200005,1710,58.8,1000,,,,,,,,,,
,65.5,1531,58.5,1039,,,,,,,,,,
,65.5,6703,58.3,1039,,,,,,,,,,
,65.5,2921,58.100002,1039,,,,,,,,,,
,65.700005,671,58.4,1015,,,,,,,,,,
,65.9,1492,58.5,1023,,,,,,,,,,
,65.9,4937,58.4,1031,,,,,,,,,,
,65.9,2937,58.600002,1015,,,,,,,,,,
,66,406,58.8,1015,,,,,,,,,,
,66,2015,58.9,1015,,,,,,,,,,
,66,2007,59.100002,1007,,,,,,,,,,
,64.8,968,59.7,984,,,,,,,,,,
,63.5,992,59.4,1023,,,,,,,,,,
,63.5,3929,59.3,1015,,,,,,,,,,
,,,59.5,1000,,,,,,,,,,
,,,59.3,1023,,,,,,,,,,
,,,59.4,1007,,,,,,,,,,
,,,59.9,984,,,,,,,,,,
,,,58.9,1062,,,,,,,,,,
,,,58.7,1031,,,,,,,,,,
,,,58.5,1031,,,,,,,,,,
,,,58.8,1007,,,,,,,,,,
,,,58.8,1023,,,,,,,,,,
,,,58.8,1023,,,,,,,,,,
,,,58.9,1015,,,,,,,,,,
,,,59.4,992,,,,,,,,,,
,,,59.3,1015,,,,,,,,,,
,,,59.7,992,,,,,,,,,,
,,,59,1046,,,,,,,,,,
,,,59.5,992,,,,,,,,,,
,,,59.5,1007,,,,,,,,,,
,,,59.5,1007,,,,,,,,,,
,,,59.3,1023,,,,,,,,,,
,,,59.4,1007,,,,,,,,,,
,,,59,1031,,,,,,,,,,
,,,58.8,1031,,,,,,,,,,
,,,58.600002,1031,,,,,,,,,,
,,,58.9,1007,,,,,,,,,,
,,,58.7,1031,,,,,,,,,,
,,,58.4,1039,,,,,,,,,,
,,,,,,,,,,,,,,
,,,,,,,,,,,,,,
,,,,,,,,,,,,,,
,,,,,,,,,,,,,,
,,,,,,,,,,,,,,
,,,,,,,,,,,,,,
,,,,,,,,,,,,,,
,,,,,,,,,,,,,,
,,,,,,,,,,,,,,
,,,,,,,,,,,,,,
,,,,,,,,,,,,,,
,,,,,,,,,,,,,,
,,,,,,,,,,,,,,
,,,,,,,,,,,,,,
,,,,,,,,,,,,,,
,,,,,,,,,,,,,,
,,,,,,,,,,,,,,
,,,,,,,,,,,,,,
,,,,,,,,,,,,,,
,,,,,,,,,,,,,,
,,,,,,,,,,,,,,
,,,,,,,,,,,,,,
,,,,,,,,,,,,,,
,,,,,,,,,,,,,,
,,,,,,,,,,,,,,
,,,,,,,,,,,,,,
,,,,,,,,,,,,,,
,,,,,,,,,,,,,,
,,,,,,,,,,,,,,
,,,,,,,,,,,,,,
,,,,,,,,,,,,,,
,,,,,,,,,,,,,,
,,,,,,,,,,,,,,
,,,,,,,,,,,,,,
,,,,,,,,,,,,,,
,,,,,,,,,,,,,,
,,,,,,,,,,,,,,
,,,,,,,,,,,,,,
,,,,,,,,,,,,,,
,,,,,,,,,,,,,,
,,,,,,,,,,,,,,
,,,,,,,,,,,,,,
,,,,,,,,,,,,,,
,,,,,,,,,,,,,,
,,,,,,,,,,,,,,
,,,,,,,,,,,,,,
,,,,,,,,,,,,,,
,,,,,,,,,,,,,,
,,,,,,,,,,,,,,
,,,,,,,,,,,,,,
,,,,,,,,,,,,,,
,,,,,,,,,,,,,,
,,,,,,,,,,,,,,
,,,,,,,,,,,,,,
,,,,,,,,,,,,,,
,,,,,,,,,,,,,,
,,,,,,,,,,,,,,
,,,,,,,,,,,,,,
,,,,,,,,,,,,,,
,,,,,,,,,,,,,,
,,,,,,,,,,,,,,
,,,,,,,,,,,,,,
,,,,,,,,,,,,,,
,,,,,,,,,,,,,,
,,,,,,,,,,,,,,
,,,,,,,,,,,,,,
,,,,,,,,,,,,,,
,,,,,,,,,,,,,,
,,,,,,,,,,,,,,
,,,,,,,,,,,,,,
,,,,,,,,,,,,,,
,,,,,,,,,,,,,,
,,,,,,,,,,,,,,
,,,,,,,,,,,,,,
,,,,,,,,,,,,,,
,,,,,,,,,,,,,,
,,,,,,,,,,,,,,
,,,,,,,,,,,,,,
,,,,,,,,,,,,,,
,,,,,,,,,,,,,,
,,,,,,,,,,,,,,
,,,,,,,,,,,,,,
,,,,,,,,,,,,,,
,,,,,,,,,,,,,,
,,,,,,,,,,,,,,
,,,,,,,,,,,,,,
,,,,,,,,,,,,,,
,,,,,,,,,,,,,,
,,,,,,,,,,,,,,
,,,,,,,,,,,,,,
,,,,,,,,,,,,,,
,,,,,,,,,,,,,,
,,,,,,,,,,,,,,
,,,,,,,,,,,,,,
,,,,,,,,,,,,,,
Bijlmer-Oost,72.4,835,76.5,1906,<120,140-180,<5,>8,<3.8,<3.8,>11.1,<7.8,<18.5,18.5-25
,72.200005,835,76.5,992,,,,,,,,,,
,72.1,835,76.5,1828,,,,,,,,,,
,71.8,843,76.5,929,,,,,,,,,,
,71.8,835,76.5,1757,,,,,,,,,,
,72.200005,820,75.8,875,,,,,,,,,,
,72.700005,812,75.8,4578,,,,,,,,,,
,73.5,796,73.6,875,,,,,,,,,,
,73.8,804,73.200005,1734,,,,,,,,,,
,73.8,812,73.200005,3640,,,,,,,,,,
,73.8,812,73.200005,3523,,,,,,,,,,
,73.200005,835,71.8,875,,,,,,,,,,
,73,828,71.6,1703,,,,,,,,,,
,72.700005,835,70.200005,898,,,,,,,,,,
,72.6,828,69.4,890,,,,,,,,,,
,73,812,68.3,914,,,,,,,,,,
,74.1,781,68.200005,1734,,,,,,,,,,
,74.9,781,68.5,867,,,,,,,,,,
,76,765,68.9,859,,,,,,,,,,
,76.200005,781,69,867,,,,,,,,,,
,75.700005,804,69.5,851,,,,,,,,,,
,74.9,820,70.6,820,,,,,,,,,,
,74.200005,828,71.6,812,,,,,,,,,,
,73.3,843,72.1,820,,,,,,,,,,
,73.3,820,72,835,,,,,,,,,,
,73.5,812,71.5,851,,,,,,,,,,
,75.200005,757,71.4,843,,,,,,,,,,
,76.6,750,72.8,789,,,,,,,,,,
,78.4,726,74.5,765,,,,,,,,,,
,79.700005,726,75.200005,781,,,,,,,,,,
,80.3,734,75,804,,,,,,,,,,
,80.200005,750,75.3,789,,,,,,,,,,
,79.700005,765,74.9,812,,,,,,,,,,
,79.1,773,74.6,812,,,,,,,,,,
,78.9,765,75,789,,,,,,,,,,
,77.8,796,74.700005,812,,,,,,,,,,
,76.8,804,74.700005,1609,,,,,,,,,,
,76.4,796,74.9,796,,,,,,,,,,
,77,765,74.4,820,,,,,,,,,,
,77.200005,773,73.200005,851,,,,,,,,,,
,77.1,781,71.6,882,,,,,,,,,,
,77,781,70.9,867,,,,,,,,,,
,76.9,781,69.700005,898,,,,,,,,,,
,76.4,796,68,937,,,,,,,,,,
,75.6,812,68,882,,,,,,,,,,
,74.700005,828,67.5,906,,,,,,,,,,
,73.9,835,66.8,921,,,,,,,,,,
,72.9,851,66.8,3656,,,,,,,,,,
,73.200005,812,66.3,921,,,,,,,,,,
,73.9,796,66.3,1804,,,,,,,,,,
,74.5,789,66.6,890,,,,,,,,,,
,74.8,796,66.6,2640,,,,,,,,,,
,74.5,812,66.6,2632,,,,,,,,,,
,74.3,812,67,882,,,,,,,,,,
,74.200005,812,67.3,882,,,,,,,,,,
,73.9,820,67.1,898,,,,,,,,,,
,73.9,812,67.1,2578,,,,,,,,,,
,74.4,796,67.700005,867,,,,,,,,,,
,74.9,789,67.700005,1718,,,,,,,,,,
,75.200005,789,67.6,890,,,,,,,,,,
,74.8,812,67.6,1859,,,,,,,,,,
,74.5,812,66.200005,953,,,,,,,,,,
,73.9,828,66.200005,3617,,,,,,,,,,
,73.9,812,66.200005,1742,,,,,,,,,,
,73.700005,820,67.3,859,,,,,,,,,,
,73.5,820,67.3,1687,,,,,,,,,,
,72.8,843,68.5,843,,,,,,,,,,
,72.3,843,68.9,859,,,,,,,,,,
,71.8,851,69.8,835,,,,,,,,,,
,72,828,69.6,867,,,,,,,,,,
,72,835,69.700005,859,,,,,,,,,,
,72.4,820,69.700005,1648,,,,,,,,,,
,72.4,828,70.4,835,,,,,,,,,,
,72.4,828,70.4,1632,,,,,,,,,,
,72.9,812,71,828,,,,,,,,,,
,73.4,804,71.700005,820,,,,,,,,,,
,73.6,812,70.8,875,,,,,,,,,,
,73.3,828,70.8,2523,,,,,,,,,,
,72.9,835,70.8,2539,,,,,,,,,,
,73.4,804,70.5,859,,,,,,,,,,
,73.8,804,70.700005,843,,,,,,,,,,
,73.8,812,70.700005,1789,,,,,,,,,,
,73.8,812,69.200005,914,,,,,,,,,,
,73.6,820,67.8,929,,,,,,,,,,
,74.3,789,67.1,914,,,,,,,,,,
,74.4,804,67.1,1757,,,,,,,,,,
,74.9,789,68.1,851,,,,,,,,,,
,75.5,781,68.1,2453,,,,,,,,,,
,76.9,750,70.1,804,,,,,,,,,,
,78.1,742,71.200005,812,,,,,,,,,,
,77.9,773,71.4,835,,,,,,,,,,
,77.3,789,70.700005,867,,,,,,,,,,
,76.5,804,70.9,843,,,,,,,,,,
,76.8,773,,,,,,,,,,,,
,76.8,781,,,,,,,,,,,,
,77,773,,,,,,,,,,,,
,77.200005,773,,,,,,,,,,,,
,78.3,742,,,,,,,,,,,,
,79.1,742,,,,,,,,,,,,
,79.9,734,,,,,,,,,,,,
,80.4,734,,,,,,,,,,,,
,80.3,750,,,,,,,,,,,,
,80.5,742,,,,,,,,,,,,
,80.1,757,,,,,,,,,,,,
,79.9,757,,,,,,,,,,,,
,79.200005,773,,,,,,,,,,,,
,78.700005,773,,,,,,,,,,,,
,78.9,757,,,,,,,,,,,,
,78,789,,,,,,,,,,,,
,77.200005,796,,,,,,,,,,,,
,76.4,804,,,,,,,,,,,,
,75.4,820,,,,,,,,,,,,
,75.4,796,,,,,,,,,,,,
,75.6,789,,,,,,,,,,,,
,75.700005,789,,,,,,,,,,,,
,75.4,804,,,,,,,,,,,,
,75.200005,804,,,,,,,,,,,,
,74.8,812,,,,,,,,,,,,
,74.1,828,,,,,,,,,,,,
,72.8,859,,,,,,,,,,,,
,72.1,851,,,,,,,,,,,,
,71.6,851,,,,,,,,,,,,
,71.5,843,,,,,,,,,,,,
,71.4,843,,,,,,,,,,,,
,71.3,843,,,,,,,,,,,,
,71.9,820,,,,,,,,,,,,
,71.9,835,,,,,,,,,,,,
,71.9,835,,,,,,,,,,,,
,71.9,835,,,,,,,,,,,,
,71.700005,843,,,,,,,,,,,,
,72.200005,820,,,,,,,,,,,,
,72.700005,812,,,,,,,,,,,,
,72.6,828,,,,,,,,,,,,
,73,812,,,,,,,,,,,,
,73.9,789,,,,,,,,,,,,
,74.4,796,,,,,,,,,,,,
,74,820,,,,,,,,,,,,
,74,812,,,,,,,,,,,,
,74.4,796,,,,,,,,,,,,
,74.5,804,,,,,,,,,,,,
,74.8,796,,,,,,,,,,,,
,75.200005,789,,,,,,,,,,,,
,75.4,789,,,,,,,,,,,,
,75.6,789,,,,,,,,,,,,
,75.700005,789,,,,,,,,,,,,
,75.8,789,,,,,,,,,,,,
,75.700005,796,,,,,,,,,,,,
,76,781,,,,,,,,,,,,
,76,789,,,,,,,,,,,,
,,,,,,,,,,,,,,
,,,,,,,,,,,,,,
,,,,,,,,,,,,,,
,,,,,,,,,,,,,,
,,,,,,,,,,,,,,
,,,,,,,,,,,,,,
,,,,,,,,,,,,,,
,,,,,,,,,,,,,,
,,,,,,,,,,,,,,
,,,,,,,,,,,,,,
,,,,,,,,,,,,,,
,,,,,,,,,,,,,,
,,,,,,,,,,,,,,
,,,,,,,,,,,,,,
,,,,,,,,,,,,,,
,,,,,,,,,,,,,,
,,,,,,,,,,,,,,
,,,,,,,,,,,,,,
,,,,,,,,,,,,,,
,,,,,,,,,,,,,,
,,,,,,,,,,,,,,
,,,,,,,,,,,,,,
,,,,,,,,,,,,,,
,,,,,,,,,,,,,,
,,,,,,,,,,,,,,
,,,,,,,,,,,,,,
,,,,,,,,,,,,,,
,,,,,,,,,,,,,,
,,,,,,,,,,,,,,
,,,,,,,,,,,,,,
,,,,,,,,,,,,,,
,,,,,,,,,,,,,,
,,,,,,,,,,,,,,
,,,,,,,,,,,,,,
,,,,,,,,,,,,,,
,,,,,,,,,,,,,,
,,,,,,,,,,,,,,
,,,,,,,,,,,,,,
,,,,,,,,,,,,,,
,,,,,,,,,,,,,,
,,,,,,,,,,,,,,
,,,,,,,,,,,,,,
,,,,,,,,,,,,,,
,,,,,,,,,,,,,,
,,,,,,,,,,,,,,
,,,,,,,,,,,,,,
,,,,,,,,,,,,,,
,,,,,,,,,,,,,,
,,,,,,,,,,,,,,
,,,,,,,,,,,,,,
,,,,,,,,,,,,,,
,,,,,,,,,,,,,,
,,,,,,,,,,,,,,
,,,,,,,,,,,,,,
,,,,,,,,,,,,,,
,,,,,,,,,,,,,,
,,,,,,,,,,,,,,
,,,,,,,,,,,,,,
,,,,,,,,,,,,,,
,,,,,,,,,,,,,,
,,,,,,,,,,,,,,
,,,,,,,,,,,,,,
,,,,,,,,,,,,,,
,,,,,,,,,,,,,,
,,,,,,,,,,,,,,
Gaasperdam,74.1,2144,73.5,824,120-140,<120,5-6.5,5-6.5,<3.8,<3.8,7.8-11,7.8-11,18.5-25,18.5-25
,74.1,4264,73.700005,808,,,,,,,,,,
,74.1,2224,73.4,824,,,,,,,,,,
,73.8,1096,73.700005,808,,,,,,,,,,
,73.6,1032,73.6,816,,,,,,,,,,
,73.5,1056,73.6,816,,,,,,,,,,
,73.5,4176,73.6,816,,,,,,,,,,
,73.5,7208,73.6,816,,,,,,,,,,
,73.4,1080,73.8,808,,,,,,,,,,
,73.3,1064,74,808,,,,,,,,,,
,73.3,1008,74.1,808,,,,,,,,,,
,73.3,2088,73.9,816,,,,,,,,,,
,73.3,3112,73.8,816,,,,,,,,,,
,73.3,4208,74,808,,,,,,,,,,
,73.3,3112,73.8,816,,,,,,,,,,
,73.3,1024,73.5,824,,,,,,,,,,
,73.3,1064,73.1,832,,,,,,,,,,
,73.3,2024,73,824,,,,,,,,,,
,73.3,960,72.9,824,,,,,,,,,,
,73.3,1040,72.9,824,,,,,,,,,,
,72.5,920,72.4,840,,,,,,,,,,
,70.3,920,71.5,864,,,,,,,,,,
,69.200005,992,70.9,864,,,,,,,,,,
,66.3,1008,70.4,864,,,,,,,,,,
,66.3,3064,70.3,856,,,,,,,,,,
,65.1,1048,70.5,848,,,,,,,,,,
,65.1,3080,70.4,856,,,,,,,,,,
,65.1,3128,70.3,856,,,,,,,,,,
,62.600002,1056,70.5,848,,,,,,,,,,
,60.600002,1072,70.8,840,,,,,,,,,,
,60.600002,4168,71.200005,832,,,,,,,,,,
,60.600002,2224,71.3,840,,,,,,,,,,
,60.600002,11072,72,816,,,,,,,,,,
,59.5,1056,72.200005,824,,,,,,,,,,
,59,1040,72.6,816,,,,,,,,,,
,58.9,1024,72.700005,824,,,,,,,,,,
,58.9,4664,72.700005,824,,,,,,,,,,
,58.7,1944,72.5,832,,,,,,,,,,
,60,952,72.4,832,,,,,,,,,,
,61.4,928,72.3,832,,,,,,,,,,
,61.4,1816,72.5,824,,,,,,,,,,
,63.100002,896,72.8,816,,,,,,,,,,
,63.600002,928,72.8,824,,,,,,,,,,
,63.9,928,72.6,832,,,,,,,,,,
,63.8,944,72.9,816,,,,,,,,,,
,63.600002,952,72.9,824,,,,,,,,,,
,63.9,928,73.1,816,,,,,,,,,,
,63,984,73.700005,800,,,,,,,,,,
,62.8,960,73.9,808,,,,,,,,,,
,63.9,904,73.6,824,,,,,,,,,,
,64.5,912,73.4,824,,,,,,,,,,
,64.4,936,73,832,,,,,,,,,,
,64.5,928,72.9,824,,,,,,,,,,
,66,864,72.9,824,,,,,,,,,,
,65.6,928,73.1,816,,,,,,,,,,
,65.8,904,73.200005,816,,,,,,,,,,
,65.8,912,73.1,824,,,,,,,,,,
,65.6,920,73,824,,,,,,,,,,
,65,944,72.9,824,,,,,,,,,,
,64.6,944,73.1,816,,,,,,,,,,
,64.6,1896,73,824,,,,,,,,,,
,63.2,1000,72.9,824,,,,,,,,,,
,63.100002,952,72.700005,832,,,,,,,,,,
,63.100002,952,72.700005,824,,,,,,,,,,
,62.2,1000,72.700005,824,,,,,,,,,,
,61.5,1000,72.700005,824,,,,,,,,,,
,61,1000,72.700005,824,,,,,,,,,,
,61,984,72.5,832,,,,,,,,,,
,60.3,1024,72.4,832,,,,,,,,,,
,60.100002,1008,72.5,824,,,,,,,,,,
,59.9,1008,73,808,,,,,,,,,,
,59.7,1016,73.8,792,,,,,,,,,,
,59.4,1024,75.1,768,,,,,,,,,,
,,,75.5,784,,,,,,,,,,
,,,75.3,800,,,,,,,,,,
,,,75.200005,800,,,,,,,,,,
,,,75.1,800,,,,,,,,,,
,,,74.6,816,,,,,,,,,,
,,,74.5,808,,,,,,,,,,
,,,74.200005,816,,,,,,,,,,
,,,74.4,800,,,,,,,,,,
,,,74.6,800,,,,,,,,,,
,,,75.200005,784,,,,,,,,,,
,,,75.6,784,,,,,,,,,,
,,,75.9,784,,,,,,,,,,
,,,75.6,800,,,,,,,,,,
,,,75,816,,,,,,,,,,
,,,75,800,,,,,,,,,,
,,,74.8,808,,,,,,,,,,
,,,74.6,808,,,,,,,,,,
,,,74.700005,800,,,,,,,,,,
,,,75.200005,784,,,,,,,,,,
,,,75.6,784,,,,,,,,,,
,,,76.1,776,,,,,,,,,,
,,,77.200005,752,,,,,,,,,,
,,,77.5,768,,,,,,,,,,
,,,78.200005,752,,,,,,,,,,
,,,78.200005,768,,,,,,,,,,
,,,78.200005,768,,,,,,,,,,
,,,78.200005,768,,,,,,,,,,
,,,78.200005,768,,,,,,,,,,
,,,78.200005,768,,,,,,,,,,
,,,77.700005,784,,,,,,,,,,
,,,77.1,792,,,,,,,,,,
,,,76.9,784,,,,,,,,,,
,,,76.6,792,,,,,,,,,,
,,,76.6,784,,,,,,,,,,
,,,76.4,792,,,,,,,,,,
,,,76.4,784,,,,,,,,,,
,,,76.4,784,,,,,,,,,,
,,,76.200005,792,,,,,,,,,,
,,,76.1,792,,,,,,,,,,
,,,76.200005,784,,,,,,,,,,
,,,76.5,776,,,,,,,,,,
,,,76.3,792,,,,,,,,,,
,,,76.1,792,,,,,,,,,,
,,,76,792,,,,,,,,,,
,,,75.700005,800,,,,,,,,,,
,,,75.5,800,,,,,,,,,,
,,,75.6,792,,,,,,,,,,
,,,75.4,800,,,,,,,,,,
,,,75.1,808,,,,,,,,,,
,,,74.9,808,,,,,,,,,,
,,,74.5,816,,,,,,,,,,
,,,74.200005,816,,,,,,,,,,
,,,74.200005,808,,,,,,,,,,
,,,74.4,800,,,,,,,,,,
,,,74.8,792,,,,,,,,,,
,,,75.3,784,,,,,,,,,,
,,,75.200005,800,,,,,,,,,,
,,,75.4,792,,,,,,,,,,
,,,75.700005,784,,,,,,,,,,
,,,75.9,784,,,,,,,,,,
,,,76.3,776,,,,,,,,,,
,,,76.4,784,,,,,,,,,,
,,,76.4,784,,,,,,,,,,
,,,76.4,784,,,,,,,,,,
,,,76.4,784,,,,,,,,,,
,,,76.200005,792,,,,,,,,,,
,,,76.1,792,,,,,,,,,,
,,,76.200005,784,,,,,,,,,,
,,,76.3,784,,,,,,,,,,
,,,75.9,800,,,,,,,,,,
,,,75.4,808,,,,,,,,,,
,,,75.3,800,,,,,,,,,,
,,,75.700005,784,,,,,,,,,,
,,,76.200005,776,,,,,,,,,,
,,,,,,,,,,,,,,
,,,,,,,,,,,,,,
,,,,,,,,,,,,,,
,,,,,,,,,,,,,,
,,,,,,,,,,,,,,
,,,,,,,,,,,,,,
,,,,,,,,,,,,,,
,,,,,,,,,,,,,,
,,,,,,,,,,,,,,
,,,,,,,,,,,,,,
,,,,,,,,,,,,,,
,,,,,,,,,,,,,,
,,,,,,,,,,,,,,
,,,,,,,,,,,,,,
,,,,,,,,,,,,,,
,,,,,,,,,,,,,,
,,,,,,,,,,,,,,
,,,,,,,,,,,,,,
,,,,,,,,,,,,,,
,,,,,,,,,,,,,,
,,,,,,,,,,,,,,
,,,,,,,,,,,,,,
,,,,,,,,,,,,,,
,,,,,,,,,,,,,,
,,,,,,,,,,,,,,
,,,,,,,,,,,,,,
,,,,,,,,,,,,,,
,,,,,,,,,,,,,,
,,,,,,,,,,,,,,
,,,,,,,,,,,,,,
,,,,,,,,,,,,,,
,,,,,,,,,,,,,,
,,,,,,,,,,,,,,
,,,,,,,,,,,,,,
,,,,,,,,,,,,,,
,,,,,,,,,,,,,,
,,,,,,,,,,,,,,
,,,,,,,,,,,,,,
,,,,,,,,,,,,,,
,,,,,,,,,,,,,,
,,,,,,,,,,,,,,
,,,,,,,,,,,,,,
,,,,,,,,,,,,,,
,,,,,,,,,,,,,,
,,,,,,,,,,,,,,
,,,,,,,,,,,,,,
,,,,,,,,,,,,,,
,,,,,,,,,,,,,,
,,,,,,,,,,,,,,
,,,,,,,,,,,,,,
,,,,,,,,,,,,,,
,,,,,,,,,,,,,,
,,,,,,,,,,,,,,
,,,,,,,,,,,,,,
,,,,,,,,,,,,,,
,,,,,,,,,,,,,,
,,,,,,,,,,,,,,
,,,,,,,,,,,,,,
,,,,,,,,,,,,,,
,,,,,,,,,,,,,,
,,,,,,,,,,,,,,
,,,,,,,,,,,,,,
,,,,,,,,,,,,,,
,,,,,,,,,,,,,,
,,,,,,,,,,,,,,
,,,,,,,,,,,,,,
,,,,,,,,,,,,,,
"Weesp, Driemond",85.5,1096,60.2,792,120-140,<120,6.5-8,6.5-8,>3.8,>3.8,<7.8,7.8-11,18.5-25,25-30
,85.6,968,60.2,776,,,,,,,,,,
,85.700005,1176,60.2,792,,,,,,,,,,
,85.700005,1040,60.2,792,,,,,,,,,,
,85.700005,1168,60.2,736,,,,,,,,,,
,85.700005,1168,60.2,800,,,,,,,,,,
,85.700005,1032,60.2,800,,,,,,,,,,
,85.700005,1080,60.2,776,,,,,,,,,,
,85.700005,1040,60.2,1576,,,,,,,,,,
,85.700005,984,60.2,784,,,,,,,,,,
,85.700005,1120,60.2,768,,,,,,,,,,
,85.700005,1160,60.2,1584,,,,,,,,,,
,85.700005,1080,61.5,808,,,,,,,,,,
,82.6,1168,63.5,784,,,,,,,,,,
,78.3,1160,65.5,792,,,,,,,,,,
,74.5,1024,68.4,800,,,,,,,,,,
,70.700005,1112,70.6,792,,,,,,,,,,
,66.4,1064,72.4,784,,,,,,,,,,
,64.6,992,73.4,792,,,,,,,,,,
,61.7,1088,73.9,800,,,,,,,,,,
,60.100002,1064,74.9,776,,,,,,,,,,
,58.100002,1120,75.1,1568,,,,,,,,,,
,55.8,1192,75.5,784,,,,,,,,,,
,55,1128,75.6,792,,,,,,,,,,
,54.8,1104,77.1,744,,,,,,,,,,
,54.4,1120,78.700005,728,,,,,,,,,,
,55.3,1048,80.1,720,,,,,,,,,,
,56,1040,80.5,736,,,,,,,,,,
,55.5,1104,79.8,768,,,,,,,,,,
,55.3,1096,78.8,784,,,,,,,,,,
,56.4,1016,79.6,736,,,,,,,,,,
,55.4,1128,78.700005,784,,,,,,,,,,
,54.600002,1136,77.6,800,,,,,,,,,,
,55.4,1048,77.3,784,,,,,,,,,,
,55.4,704,77.5,768,,,,,,,,,,
,55.4,400,76.5,808,,,,,,,,,,
,55.2,1096,77,768,,,,,,,,,,
,56.5,1008,77.3,768,,,,,,,,,,
,56.100002,1088,77.3,776,,,,,,,,,,
,56.7,1032,77.3,776,,,,,,,,,,
,56.100002,1096,77.5,768,,,,,,,,,,
,55.2,1128,77.5,1608,,,,,,,,,,
,56.2,1024,78.200005,752,,,,,,,,,,
,55.7,1096,77,808,,,,,,,,,,
,55.4,1096,75.9,816,,,,,,,,,,
,57.4,968,75.6,800,,,,,,,,,,
,57.600002,1032,75.6,1616,,,,,,,,,,
,57.100002,1072,74.8,824,,,,,,,,,,
,57.3,1040,75.1,792,,,,,,,,,,
,57.8,1016,74.6,816,,,,,,,,,,
,56.7,1112,74.1,824,,,,,,,,,,
,57,1040,73.3,840,,,,,,,,,,
,57.100002,1048,74.5,776,,,,,,,,,,
,57,1056,73.8,832,,,,,,,,,,
,58.7,960,74,808,,,,,,,,,,
,58.7,664,74.3,800,,,,,,,,,,
,58.7,360,75.700005,760,,,,,,,,,,
,58,1064,75.5,800,,,,,,,,,,
,58.3,1016,75.6,792,,,,,,,,,,
,57.7,1064,75,816,,,,,,,,,,
,57.100002,1080,75.700005,776,,,,,,,,,,
,57.8,1008,75,816,,,,,,,,,,
,58.600002,992,74.8,808,,,,,,,,,,
,57.9,1064,74.9,800,,,,,,,,,,
,58.7,992,74.700005,808,,,,,,,,,,
,59.5,976,75.700005,768,,,,,,,,,,
,58.4,1072,75.3,808,,,,,,,,,,
,58.5,1024,75,808,,,,,,,,,,
,57.600002,1080,75.5,784,,,,,,,,,,
,56.4,1120,76.3,768,,,,,,,,,,
,55.9,1096,75.9,800,,,,,,,,,,
,56.600002,1032,75.6,800,,,,,,,,,,
,56,1096,75.4,800,,,,,,,,,,
,56.100002,1064,75.5,792,,,,,,,,,,
,56.5,1048,75.1,808,,,,,,,,,,
,56,1096,74.6,816,,,,,,,,,,
,55.7,1088,75,792,,,,,,,,,,
,55.7,1080,74.8,808,,,,,,,,,,
,55.5,1088,75.1,792,,,,,,,,,,
,56.7,1008,75.8,776,,,,,,,,,,
,56.600002,1064,77,752,,,,,,,,,,
,57.4,1016,77.8,752,,,,,,,,,,
,57,1072,78.6,744,,,,,,,,,,
,57.2,1040,79.700005,728,,,,,,,,,,
,58.2,992,80,744,,,,,,,,,,
,58.7,1000,80.200005,744,,,,,,,,,,
,59.3,912,79.6,768,,,,,,,,,,
,59.8,984,79.1,768,,,,,,,,,,
,59.9,1000,79.6,744,,,,,,,,,,
,60.8,952,79.9,744,,,,,,,,,,
,59.600002,1056,79.6,760,,,,,,,,,,
,58.4,1080,79.9,744,,,,,,,,,,
,58.7,1008,79.4,768,,,,,,,,,,
,57.9,1072,78.5,784,,,,,,,,,,
,57.100002,1088,79.4,736,,,,,,,,,,
,57.7,1016,78.8,776,,,,,,,,,,
,58.100002,1016,78.3,776,,,,,,,,,,
,58,1040,79,744,,,,,,,,,,
,59.7,944,79,760,,,,,,,,,,
,59.5,1016,79,760,,,,,,,,,,
,58.100002,1096,79.200005,752,,,,,,,,,,
,57.2,1088,79.9,736,,,,,,,,,,
,57.2,1048,79.4,768,,,,,,,,,,
,56.4,1096,78.8,776,,,,,,,,,,
,56.8,1040,78.1,784,,,,,,,,,,
,57.5,928,77.9,776,,,,,,,,,,
,58.3,1000,77,800,,,,,,,,,,
,58.7,1008,76.4,800,,,,,,,,,,
,60.8,912,77.200005,760,,,,,,,,,,
,59.9,1040,76.5,800,,,,,,,,,,
,59.100002,1048,76,800,,,,,,,,,,
,60.600002,936,75.5,808,,,,,,,,,,
,59.600002,1048,75.8,784,,,,,,,,,,
,58.8,1056,76,784,,,,,,,,,,
,60.4,936,75.9,792,,,,,,,,,,
,59.9,1024,75.6,800,,,,,,,,,,
,,,76.4,768,,,,,,,,,,
,,,76,800,,,,,,,,,,
,,,75.700005,800,,,,,,,,,,
,,,75.3,808,,,,,,,,,,
,,,75,808,,,,,,,,,,
,,,76.200005,760,,,,,,,,,,
,,,77.5,744,,,,,,,,,,
,,,78.700005,736,,,,,,,,,,
,,,78.8,760,,,,,,,,,,
,,,78.8,760,,,,,,,,,,
,,,77.9,792,,,,,,,,,,
,,,76.8,808,,,,,,,,,,
,,,76.5,792,,,,,,,,,,
,,,76.5,784,,,,,,,,,,
,,,76.3,792,,,,,,,,,,
,,,76.4,784,,,,,,,,,,
,,,76.700005,776,,,,,,,,,,
,,,77.1,768,,,,,,,,,,
,,,77.200005,776,,,,,,,,,,
,,,77.5,768,,,,,,,,,,
,,,77.700005,768,,,,,,,,,,
,,,77.6,776,,,,,,,,,,
,,,77.5,776,,,,,,,,,,
,,,77.700005,768,,,,,,,,,,
,,,78.1,760,,,,,,,,,,
,,,78.1,768,,,,,,,,,,
,,,78.1,768,,,,,,,,,,
,,,79.700005,720,,,,,,,,,,
,,,79,776,,,,,,,,,,
,,,79.5,744,,,,,,,,,,
,,,78.4,792,,,,,,,,,,
